airport_id,year,status,bytes
ABE,2000,downloaded,416589
ABE,2001,downloaded,427746
ABE,2002,downloaded,427512
ABE,2003,downloaded,430333
ABE,2004,downloaded,431566
ABE,2005,downloaded,427131
ABE,2006,downloaded,429047
ABE,2007,downloaded,428140
ABE,2008,downloaded,429595
ABE,2009,downloaded,430592
ABE,2010,downloaded,426394
ABE,2011,downloaded,422537
ABE,2012,downloaded,448969
ABE,2013,downloaded,451773
ABE,2014,downloaded,452557
ABE,2015,downloaded,450164
ABE,2016,downloaded,452586
ABE,2017,downloaded,450665
ABE,2018,downloaded,453096
ABE,2019,downloaded,446873
ABE,2020,downloaded,453750
ABE,2021,downloaded,445971
ABE,2022,downloaded,450932
ABE,2023,downloaded,451225
ABE,2024,downloaded,446246
ABE,2025,downloaded,445109
ABQ,2000,downloaded,438639
ABQ,2001,downloaded,446913
ABQ,2002,downloaded,446612
ABQ,2003,downloaded,448180
ABQ,2004,downloaded,449873
ABQ,2005,downloaded,448757
ABQ,2006,downloaded,447523
ABQ,2007,downloaded,448195
ABQ,2008,downloaded,447288
ABQ,2009,downloaded,450996
ABQ,2010,downloaded,446653
ABQ,2011,downloaded,435052
ABQ,2012,downloaded,389086
ABQ,2013,downloaded,471466
ABQ,2014,downloaded,475684
ABQ,2015,downloaded,474619
ABQ,2016,downloaded,475519
ABQ,2017,downloaded,475023
ABQ,2018,downloaded,476284
ABQ,2019,downloaded,476602
ABQ,2020,downloaded,473760
ABQ,2021,downloaded,471296
ABQ,2022,downloaded,469098
ABQ,2023,downloaded,475488
ABQ,2024,downloaded,476366
ABQ,2025,downloaded,472226
ACY,2000,downloaded,423280
ACY,2001,downloaded,419536
ACY,2002,downloaded,420845
ACY,2003,downloaded,427897
ACY,2004,downloaded,427795
ACY,2005,downloaded,426166
ACY,2006,downloaded,425054
ACY,2007,downloaded,426528
ACY,2008,downloaded,427137
ACY,2009,downloaded,427896
ACY,2010,downloaded,423490
ACY,2011,downloaded,429465
ACY,2012,downloaded,442831
ACY,2013,downloaded,449054
ACY,2014,downloaded,451180
ACY,2015,downloaded,445657
ACY,2016,downloaded,448740
ACY,2017,downloaded,450623
ACY,2018,downloaded,452812
ACY,2019,downloaded,444496
ACY,2020,downloaded,450783
ACY,2021,downloaded,449154
ACY,2022,downloaded,448126
ACY,2023,downloaded,443543
ACY,2024,downloaded,450050
ACY,2025,downloaded,446886
ALB,2000,downloaded,424927
ALB,2001,downloaded,427851
ALB,2002,downloaded,427097
ALB,2003,downloaded,428035
ALB,2004,downloaded,432934
ALB,2005,downloaded,428519
ALB,2006,downloaded,432940
ALB,2007,downloaded,429755
ALB,2008,downloaded,431025
ALB,2009,downloaded,453282
ALB,2010,downloaded,455274
ALB,2011,downloaded,453070
ALB,2012,downloaded,474563
ALB,2013,downloaded,472930
ALB,2014,downloaded,474933
ALB,2015,downloaded,474271
ALB,2016,downloaded,477054
ALB,2017,downloaded,474689
ALB,2018,downloaded,475274
ALB,2019,downloaded,476184
ALB,2020,downloaded,478179
ALB,2021,downloaded,474875
ALB,2022,downloaded,476625
ALB,2023,downloaded,475800
ALB,2024,downloaded,476367
ALB,2025,downloaded,474820
APA,2000,downloaded,447668
APA,2001,downloaded,450970
APA,2002,downloaded,451373
APA,2003,downloaded,451031
APA,2004,downloaded,453521
APA,2005,downloaded,452191
APA,2006,downloaded,451744
APA,2007,downloaded,448715
APA,2008,downloaded,446784
APA,2009,downloaded,444439
APA,2010,downloaded,443888
APA,2011,downloaded,445021
APA,2012,downloaded,470845
APA,2013,downloaded,474929
APA,2014,downloaded,477287
APA,2015,downloaded,475162
APA,2016,downloaded,480753
APA,2017,downloaded,477503
APA,2018,downloaded,476311
APA,2019,downloaded,475483
APA,2020,downloaded,476713
APA,2021,downloaded,474931
APA,2022,downloaded,476019
APA,2023,downloaded,475740
APA,2024,downloaded,477995
APA,2025,downloaded,477019
ATL,2000,downloaded,445168
ATL,2001,downloaded,446647
ATL,2002,downloaded,447704
ATL,2003,downloaded,447085
ATL,2004,downloaded,283542
ATL,2005,downloaded,420235
ATL,2006,downloaded,410080
ATL,2007,downloaded,446581
ATL,2008,downloaded,447034
ATL,2009,downloaded,451495
ATL,2010,downloaded,448188
ATL,2011,downloaded,447020
ATL,2012,downloaded,472853
ATL,2013,downloaded,472608
ATL,2014,downloaded,474343
ATL,2015,downloaded,472536
ATL,2016,downloaded,475491
ATL,2017,downloaded,475021
ATL,2018,downloaded,474175
ATL,2019,downloaded,475702
ATL,2020,downloaded,475056
ATL,2021,downloaded,473045
ATL,2022,downloaded,473406
ATL,2023,downloaded,475044
ATL,2024,downloaded,474278
ATL,2025,downloaded,473481
AUS,2000,downloaded,432142
AUS,2001,downloaded,438525
AUS,2002,downloaded,442394
AUS,2003,downloaded,439722
AUS,2004,downloaded,440017
AUS,2005,downloaded,442607
AUS,2006,downloaded,444613
AUS,2007,downloaded,446055
AUS,2008,downloaded,448040
AUS,2009,downloaded,470268
AUS,2010,downloaded,448252
AUS,2011,downloaded,437664
AUS,2012,downloaded,471573
AUS,2013,downloaded,471602
AUS,2014,downloaded,470179
AUS,2015,downloaded,467998
AUS,2016,downloaded,472089
AUS,2017,downloaded,471592
AUS,2018,downloaded,473487
AUS,2019,downloaded,474031
AUS,2020,downloaded,472128
AUS,2021,downloaded,471797
AUS,2022,downloaded,472973
AUS,2023,downloaded,473632
AUS,2024,downloaded,470678
AUS,2025,downloaded,470424
BDL,2000,downloaded,439397
BDL,2001,downloaded,446992
BDL,2002,downloaded,447020
BDL,2003,downloaded,446650
BDL,2004,downloaded,448975
BDL,2005,downloaded,450417
BDL,2006,downloaded,450307
BDL,2007,downloaded,449460
BDL,2008,downloaded,448825
BDL,2009,downloaded,452043
BDL,2010,downloaded,451609
BDL,2011,downloaded,448593
BDL,2012,downloaded,473336
BDL,2013,downloaded,472890
BDL,2014,downloaded,474433
BDL,2015,downloaded,472331
BDL,2016,downloaded,476290
BDL,2017,downloaded,474146
BDL,2018,downloaded,474514
BDL,2019,downloaded,476074
BDL,2020,downloaded,477775
BDL,2021,downloaded,476253
BDL,2022,downloaded,476182
BDL,2023,downloaded,475723
BDL,2024,downloaded,476328
BDL,2025,downloaded,476974
BHM,2000,downloaded,426148
BHM,2001,downloaded,432856
BHM,2002,downloaded,443853
BHM,2003,downloaded,437740
BHM,2004,downloaded,431977
BHM,2005,downloaded,428229
BHM,2006,downloaded,425930
BHM,2007,downloaded,443864
BHM,2008,downloaded,438636
BHM,2009,downloaded,452020
BHM,2010,downloaded,431233
BHM,2011,downloaded,424436
BHM,2012,downloaded,452794
BHM,2013,downloaded,458139
BHM,2014,downloaded,466906
BHM,2015,downloaded,465248
BHM,2016,downloaded,465930
BHM,2017,downloaded,464691
BHM,2018,downloaded,468646
BHM,2019,downloaded,469336
BHM,2020,downloaded,469639
BHM,2021,downloaded,468752
BHM,2022,downloaded,465628
BHM,2023,downloaded,469616
BHM,2024,downloaded,468988
BHM,2025,downloaded,469058
BKL,2000,downloaded,429593
BKL,2001,downloaded,413850
BKL,2002,downloaded,429552
BKL,2003,downloaded,421668
BKL,2004,downloaded,435170
BKL,2005,downloaded,435458
BKL,2006,downloaded,436754
BKL,2007,downloaded,434037
BKL,2008,downloaded,437185
BKL,2009,downloaded,436780
BKL,2010,downloaded,432609
BKL,2011,downloaded,434919
BKL,2012,downloaded,455619
BKL,2013,downloaded,442337
BKL,2014,downloaded,457259
BKL,2015,downloaded,456910
BKL,2016,downloaded,456692
BKL,2017,downloaded,460443
BKL,2018,downloaded,459961
BKL,2019,downloaded,459775
BKL,2020,downloaded,459293
BKL,2021,downloaded,459050
BKL,2022,downloaded,457498
BKL,2023,downloaded,456753
BKL,2024,downloaded,459472
BKL,2025,downloaded,458421
BNA,2000,downloaded,447681
BNA,2001,downloaded,442855
BNA,2002,downloaded,443332
BNA,2003,downloaded,444333
BNA,2004,downloaded,447995
BNA,2005,downloaded,444656
BNA,2006,downloaded,444327
BNA,2007,downloaded,444104
BNA,2008,downloaded,446766
BNA,2009,downloaded,449040
BNA,2010,downloaded,446378
BNA,2011,downloaded,447210
BNA,2012,downloaded,470511
BNA,2013,downloaded,471925
BNA,2014,downloaded,472031
BNA,2015,downloaded,470253
BNA,2016,downloaded,471847
BNA,2017,downloaded,472414
BNA,2018,downloaded,472119
BNA,2019,downloaded,471868
BNA,2020,downloaded,471738
BNA,2021,downloaded,469904
BNA,2022,downloaded,470874
BNA,2023,downloaded,474021
BNA,2024,downloaded,471563
BNA,2025,downloaded,471225
BOI,2000,downloaded,420967
BOI,2001,downloaded,420310
BOI,2002,downloaded,418572
BOI,2003,downloaded,418888
BOI,2004,downloaded,422455
BOI,2005,downloaded,420969
BOI,2006,downloaded,421700
BOI,2007,downloaded,419229
BOI,2008,downloaded,422258
BOI,2009,downloaded,421501
BOI,2010,downloaded,424194
BOI,2011,downloaded,422144
BOI,2012,downloaded,445172
BOI,2013,downloaded,443022
BOI,2014,downloaded,446012
BOI,2015,downloaded,445041
BOI,2016,downloaded,446851
BOI,2017,downloaded,446173
BOI,2018,downloaded,444789
BOI,2019,downloaded,446219
BOI,2020,downloaded,445271
BOI,2021,downloaded,444652
BOI,2022,downloaded,444382
BOI,2023,downloaded,447262
BOI,2024,downloaded,448022
BOI,2025,downloaded,444008
BOS,2000,downloaded,449402
BOS,2001,downloaded,448424
BOS,2002,downloaded,448163
BOS,2003,downloaded,448508
BOS,2004,downloaded,444888
BOS,2005,downloaded,449942
BOS,2006,downloaded,451120
BOS,2007,downloaded,449072
BOS,2008,downloaded,451547
BOS,2009,downloaded,472709
BOS,2010,downloaded,457559
BOS,2011,downloaded,451021
BOS,2012,downloaded,474470
BOS,2013,downloaded,474327
BOS,2014,downloaded,474306
BOS,2015,downloaded,473073
BOS,2016,downloaded,475573
BOS,2017,downloaded,474809
BOS,2018,downloaded,476208
BOS,2019,downloaded,477364
BOS,2020,downloaded,479964
BOS,2021,downloaded,477713
BOS,2022,downloaded,477926
BOS,2023,downloaded,477165
BOS,2024,downloaded,478546
BOS,2025,downloaded,475697
BTR,2000,downloaded,431259
BTR,2001,downloaded,431830
BTR,2002,downloaded,434165
BTR,2003,downloaded,431243
BTR,2004,downloaded,435374
BTR,2005,downloaded,429864
BTR,2006,downloaded,439292
BTR,2007,downloaded,465474
BTR,2008,downloaded,453038
BTR,2009,downloaded,465726
BTR,2010,downloaded,442863
BTR,2011,downloaded,423426
BTR,2012,downloaded,449693
BTR,2013,downloaded,452352
BTR,2014,downloaded,450470
BTR,2015,downloaded,451034
BTR,2016,downloaded,451557
BTR,2017,downloaded,452542
BTR,2018,downloaded,449667
BTR,2019,downloaded,451724
BTR,2020,downloaded,452592
BTR,2021,downloaded,451596
BTR,2022,downloaded,449033
BTR,2023,downloaded,450368
BTR,2024,downloaded,449538
BTR,2025,downloaded,448921
BUF,2000,downloaded,451107
BUF,2001,downloaded,451309
BUF,2002,downloaded,455118
BUF,2003,downloaded,452836
BUF,2004,downloaded,453638
BUF,2005,downloaded,451799
BUF,2006,downloaded,445967
BUF,2007,downloaded,444874
BUF,2008,downloaded,450323
BUF,2009,downloaded,471074
BUF,2010,downloaded,453188
BUF,2011,downloaded,456760
BUF,2012,downloaded,477123
BUF,2013,downloaded,474975
BUF,2014,downloaded,474748
BUF,2015,downloaded,474577
BUF,2016,downloaded,477519
BUF,2017,downloaded,475866
BUF,2018,downloaded,475097
BUF,2019,downloaded,475627
BUF,2020,downloaded,477400
BUF,2021,downloaded,472789
BUF,2022,downloaded,475000
BUF,2023,downloaded,475611
BUF,2024,downloaded,476566
BUF,2025,downloaded,473977
BUR,2000,downloaded,413997
BUR,2001,downloaded,411002
BUR,2002,downloaded,410795
BUR,2003,downloaded,415236
BUR,2004,downloaded,414427
BUR,2005,downloaded,416966
BUR,2006,downloaded,414927
BUR,2007,downloaded,412069
BUR,2008,downloaded,413005
BUR,2009,downloaded,414538
BUR,2010,downloaded,416124
BUR,2011,downloaded,415458
BUR,2012,downloaded,438936
BUR,2013,downloaded,438267
BUR,2014,downloaded,437486
BUR,2015,downloaded,438397
BUR,2016,downloaded,440183
BUR,2017,downloaded,439102
BUR,2018,downloaded,438861
BUR,2019,downloaded,442016
BUR,2020,downloaded,438504
BUR,2021,downloaded,438065
BUR,2022,downloaded,437415
BUR,2023,downloaded,443110
BUR,2024,downloaded,441130
BUR,2025,downloaded,438051
BWI,2000,downloaded,446898
BWI,2001,downloaded,446853
BWI,2002,downloaded,449715
BWI,2003,downloaded,448098
BWI,2004,downloaded,448909
BWI,2005,downloaded,448414
BWI,2006,downloaded,449766
BWI,2007,downloaded,448371
BWI,2008,downloaded,452931
BWI,2009,downloaded,452608
BWI,2010,downloaded,451783
BWI,2011,downloaded,449158
BWI,2012,downloaded,474007
BWI,2013,downloaded,474291
BWI,2014,downloaded,475549
BWI,2015,downloaded,472556
BWI,2016,downloaded,476143
BWI,2017,downloaded,477110
BWI,2018,downloaded,473563
BWI,2019,downloaded,476179
BWI,2020,downloaded,476273
BWI,2021,downloaded,474667
BWI,2022,downloaded,474729
BWI,2023,downloaded,474406
BWI,2024,downloaded,476279
BWI,2025,downloaded,476185
CHA,2000,downloaded,429037
CHA,2001,downloaded,428714
CHA,2002,downloaded,433031
CHA,2003,downloaded,432185
CHA,2004,downloaded,434655
CHA,2005,downloaded,434719
CHA,2006,downloaded,435494
CHA,2007,downloaded,433441
CHA,2008,downloaded,437827
CHA,2009,downloaded,446391
CHA,2010,downloaded,445782
CHA,2011,downloaded,444971
CHA,2012,downloaded,472151
CHA,2013,downloaded,468490
CHA,2014,downloaded,468895
CHA,2015,downloaded,467966
CHA,2016,downloaded,469488
CHA,2017,downloaded,468630
CHA,2018,downloaded,469073
CHA,2019,downloaded,468660
CHA,2020,downloaded,468846
CHA,2021,downloaded,467251
CHA,2022,downloaded,467402
CHA,2023,downloaded,468920
CHA,2024,downloaded,469183
CHA,2025,downloaded,468148
CHS,2000,downloaded,420103
CHS,2001,downloaded,426163
CHS,2002,downloaded,444076
CHS,2003,downloaded,441024
CHS,2004,downloaded,432286
CHS,2005,downloaded,431154
CHS,2006,downloaded,430413
CHS,2007,downloaded,429968
CHS,2008,downloaded,429278
CHS,2009,downloaded,428337
CHS,2010,downloaded,426965
CHS,2011,downloaded,440010
CHS,2012,downloaded,470634
CHS,2013,downloaded,471648
CHS,2014,downloaded,468009
CHS,2015,downloaded,470664
CHS,2016,downloaded,470783
CHS,2017,downloaded,470030
CHS,2018,downloaded,470954
CHS,2019,downloaded,471510
CHS,2020,downloaded,472188
CHS,2021,downloaded,469997
CHS,2022,downloaded,470569
CHS,2023,downloaded,473488
CHS,2024,downloaded,473887
CHS,2025,downloaded,472954
CID,2000,downloaded,427277
CID,2001,downloaded,421380
CID,2002,downloaded,421846
CID,2003,downloaded,420260
CID,2004,downloaded,425965
CID,2005,downloaded,424174
CID,2006,downloaded,425746
CID,2007,downloaded,423374
CID,2008,downloaded,428690
CID,2009,downloaded,451218
CID,2010,downloaded,432978
CID,2011,downloaded,428026
CID,2012,downloaded,447287
CID,2013,downloaded,449942
CID,2014,downloaded,452049
CID,2015,downloaded,448134
CID,2016,downloaded,452162
CID,2017,downloaded,451077
CID,2018,downloaded,450156
CID,2019,downloaded,452344
CID,2020,downloaded,450814
CID,2021,downloaded,449610
CID,2022,downloaded,449282
CID,2023,downloaded,450505
CID,2024,downloaded,450790
CID,2025,downloaded,447284
CLE,2000,downloaded,443201
CLE,2001,downloaded,449413
CLE,2002,downloaded,452709
CLE,2003,downloaded,452281
CLE,2004,downloaded,453668
CLE,2005,downloaded,452220
CLE,2006,downloaded,454337
CLE,2007,downloaded,451733
CLE,2008,downloaded,454026
CLE,2009,downloaded,455043
CLE,2010,downloaded,453864
CLE,2011,downloaded,453699
CLE,2012,downloaded,473522
CLE,2013,downloaded,474119
CLE,2014,downloaded,474660
CLE,2015,downloaded,474792
CLE,2016,downloaded,476588
CLE,2017,downloaded,476487
CLE,2018,downloaded,475023
CLE,2019,downloaded,476259
CLE,2020,downloaded,475634
CLE,2021,downloaded,474339
CLE,2022,downloaded,474152
CLE,2023,downloaded,473319
CLE,2024,downloaded,476398
CLE,2025,downloaded,474584
CLT,2000,downloaded,436130
CLT,2001,downloaded,442493
CLT,2002,downloaded,437109
CLT,2003,downloaded,445046
CLT,2004,downloaded,444301
CLT,2005,downloaded,416149
CLT,2006,downloaded,408456
CLT,2007,downloaded,439887
CLT,2008,downloaded,445004
CLT,2009,downloaded,468854
CLT,2010,downloaded,447305
CLT,2011,downloaded,442464
CLT,2012,downloaded,467843
CLT,2013,downloaded,469935
CLT,2014,downloaded,470840
CLT,2015,downloaded,469527
CLT,2016,downloaded,474326
CLT,2017,downloaded,474400
CLT,2018,downloaded,471971
CLT,2019,downloaded,472554
CLT,2020,downloaded,473260
CLT,2021,downloaded,471378
CLT,2022,downloaded,467141
CLT,2023,downloaded,471575
CLT,2024,downloaded,472243
CLT,2025,downloaded,471432
CMH,2000,downloaded,444817
CMH,2001,downloaded,448230
CMH,2002,downloaded,448436
CMH,2003,downloaded,447475
CMH,2004,downloaded,447379
CMH,2005,downloaded,444945
CMH,2006,downloaded,448825
CMH,2007,downloaded,448328
CMH,2008,downloaded,451550
CMH,2009,downloaded,450569
CMH,2010,downloaded,448058
CMH,2011,downloaded,449829
CMH,2012,downloaded,470842
CMH,2013,downloaded,471145
CMH,2014,downloaded,473320
CMH,2015,downloaded,471951
CMH,2016,downloaded,473427
CMH,2017,downloaded,473766
CMH,2018,downloaded,472091
CMH,2019,downloaded,473159
CMH,2020,downloaded,472980
CMH,2021,downloaded,472666
CMH,2022,downloaded,473153
CMH,2023,downloaded,473263
CMH,2024,downloaded,475635
CMH,2025,downloaded,474047
COS,2000,downloaded,432235
COS,2001,downloaded,438149
COS,2002,downloaded,437846
COS,2003,downloaded,438034
COS,2004,downloaded,437706
COS,2005,downloaded,438287
COS,2006,downloaded,438306
COS,2007,downloaded,437023
COS,2008,downloaded,418212
COS,2009,downloaded,417179
COS,2010,downloaded,416316
COS,2011,downloaded,418326
COS,2012,downloaded,458948
COS,2013,downloaded,467220
COS,2014,downloaded,476922
COS,2015,downloaded,475135
COS,2016,downloaded,480162
COS,2017,downloaded,478141
COS,2018,downloaded,476174
COS,2019,downloaded,476055
COS,2020,downloaded,476490
COS,2021,downloaded,474356
COS,2022,downloaded,476084
COS,2023,downloaded,475102
COS,2024,downloaded,477975
COS,2025,downloaded,475886
CRP,2000,downloaded,430902
CRP,2001,downloaded,433839
CRP,2002,downloaded,451635
CRP,2003,downloaded,449054
CRP,2004,downloaded,452753
CRP,2005,downloaded,444009
CRP,2006,downloaded,441657
CRP,2007,downloaded,446284
CRP,2008,downloaded,445435
CRP,2009,downloaded,468209
CRP,2010,downloaded,448887
CRP,2011,downloaded,448564
CRP,2012,downloaded,473286
CRP,2013,downloaded,473427
CRP,2014,downloaded,477134
CRP,2015,downloaded,477099
CRP,2016,downloaded,479209
CRP,2017,downloaded,476511
CRP,2018,downloaded,478703
CRP,2019,downloaded,478202
CRP,2020,downloaded,474032
CRP,2021,downloaded,475955
CRP,2022,downloaded,477392
CRP,2023,downloaded,478028
CRP,2024,downloaded,478155
CRP,2025,downloaded,477850
CVG,2000,downloaded,446203
CVG,2001,downloaded,446075
CVG,2002,downloaded,447545
CVG,2003,downloaded,447040
CVG,2004,downloaded,431021
CVG,2005,downloaded,424079
CVG,2006,downloaded,448271
CVG,2007,downloaded,445885
CVG,2008,downloaded,450942
CVG,2009,downloaded,451750
CVG,2010,downloaded,446696
CVG,2011,downloaded,442400
CVG,2012,downloaded,463708
CVG,2013,downloaded,463165
CVG,2014,downloaded,468446
CVG,2015,downloaded,467809
CVG,2016,downloaded,469027
CVG,2017,downloaded,473155
CVG,2018,downloaded,471423
CVG,2019,downloaded,472484
CVG,2020,downloaded,473348
CVG,2021,downloaded,471059
CVG,2022,downloaded,470681
CVG,2023,downloaded,470761
CVG,2024,downloaded,471634
CVG,2025,downloaded,471842
DAB,2000,downloaded,430935
DAB,2001,downloaded,438686
DAB,2002,downloaded,440595
DAB,2003,downloaded,439177
DAB,2004,downloaded,439701
DAB,2005,downloaded,438994
DAB,2006,downloaded,435147
DAB,2007,downloaded,438283
DAB,2008,downloaded,442097
DAB,2009,downloaded,471012
DAB,2010,downloaded,451068
DAB,2011,downloaded,445445
DAB,2012,downloaded,472910
DAB,2013,downloaded,473817
DAB,2014,downloaded,472635
DAB,2015,downloaded,474574
DAB,2016,downloaded,475881
DAB,2017,downloaded,472675
DAB,2018,downloaded,473630
DAB,2019,downloaded,473873
DAB,2020,downloaded,476332
DAB,2021,downloaded,473343
DAB,2022,downloaded,471661
DAB,2023,downloaded,473417
DAB,2024,downloaded,474727
DAB,2025,downloaded,470691
DAL,2000,downloaded,441476
DAL,2001,downloaded,443377
DAL,2002,downloaded,445438
DAL,2003,downloaded,443653
DAL,2004,downloaded,445568
DAL,2005,downloaded,446008
DAL,2006,downloaded,445032
DAL,2007,downloaded,450383
DAL,2008,downloaded,449298
DAL,2009,downloaded,471094
DAL,2010,downloaded,451732
DAL,2011,downloaded,450302
DAL,2012,downloaded,472444
DAL,2013,downloaded,472341
DAL,2014,downloaded,474068
DAL,2015,downloaded,473849
DAL,2016,downloaded,475698
DAL,2017,downloaded,476510
DAL,2018,downloaded,477454
DAL,2019,downloaded,476668
DAL,2020,downloaded,475117
DAL,2021,downloaded,473133
DAL,2022,downloaded,473504
DAL,2023,downloaded,475520
DAL,2024,downloaded,474882
DAL,2025,downloaded,474357
DAY,2000,downloaded,438914
DAY,2001,downloaded,438509
DAY,2002,downloaded,435677
DAY,2003,downloaded,435547
DAY,2004,downloaded,419712
DAY,2005,downloaded,432545
DAY,2006,downloaded,441570
DAY,2007,downloaded,442616
DAY,2008,downloaded,446962
DAY,2009,downloaded,445311
DAY,2010,downloaded,443107
DAY,2011,downloaded,447715
DAY,2012,downloaded,468810
DAY,2013,downloaded,470483
DAY,2014,downloaded,474065
DAY,2015,downloaded,473137
DAY,2016,downloaded,475128
DAY,2017,downloaded,474540
DAY,2018,downloaded,473970
DAY,2019,downloaded,473421
DAY,2020,downloaded,475097
DAY,2021,downloaded,473677
DAY,2022,downloaded,474163
DAY,2023,downloaded,474247
DAY,2024,downloaded,475038
DAY,2025,downloaded,474998
DCA,2000,downloaded,449442
DCA,2001,downloaded,447056
DCA,2002,downloaded,448756
DCA,2003,downloaded,450730
DCA,2004,downloaded,447842
DCA,2005,downloaded,420487
DCA,2006,downloaded,430703
DCA,2007,downloaded,449494
DCA,2008,downloaded,454241
DCA,2009,downloaded,454722
DCA,2010,downloaded,454444
DCA,2011,downloaded,453807
DCA,2012,downloaded,474893
DCA,2013,downloaded,475407
DCA,2014,downloaded,477258
DCA,2015,downloaded,474612
DCA,2016,downloaded,473977
DCA,2017,downloaded,477899
DCA,2018,downloaded,475112
DCA,2019,downloaded,478142
DCA,2020,downloaded,478592
DCA,2021,downloaded,477698
DCA,2022,downloaded,476692
DCA,2023,downloaded,477600
DCA,2024,downloaded,478236
DCA,2025,downloaded,477486
DEN,2000,downloaded,447353
DEN,2001,downloaded,451544
DEN,2002,downloaded,451961
DEN,2003,downloaded,452839
DEN,2004,downloaded,454362
DEN,2005,downloaded,453875
DEN,2006,downloaded,455134
DEN,2007,downloaded,474912
DEN,2008,downloaded,465179
DEN,2009,downloaded,476077
DEN,2010,downloaded,458553
DEN,2011,downloaded,455523
DEN,2012,downloaded,481184
DEN,2013,downloaded,478077
DEN,2014,downloaded,479645
DEN,2015,downloaded,476441
DEN,2016,downloaded,482698
DEN,2017,downloaded,479902
DEN,2018,downloaded,478244
DEN,2019,downloaded,477744
DEN,2020,downloaded,477464
DEN,2021,downloaded,475443
DEN,2022,downloaded,478958
DEN,2023,downloaded,477201
DEN,2024,cached,480103
DEN,2025,downloaded,478501
DFW,2000,downloaded,446440
DFW,2001,downloaded,442645
DFW,2002,downloaded,440136
DFW,2003,downloaded,446483
DFW,2004,downloaded,448601
DFW,2005,downloaded,445952
DFW,2006,downloaded,445129
DFW,2007,downloaded,468303
DFW,2008,downloaded,458440
DFW,2009,downloaded,470968
DFW,2010,downloaded,454341
DFW,2011,downloaded,452360
DFW,2012,downloaded,474104
DFW,2013,downloaded,474124
DFW,2014,downloaded,475432
DFW,2015,downloaded,474674
DFW,2016,downloaded,475751
DFW,2017,downloaded,476108
DFW,2018,downloaded,477412
DFW,2019,downloaded,476870
DFW,2020,downloaded,475680
DFW,2021,downloaded,473563
DFW,2022,downloaded,474417
DFW,2023,downloaded,476399
DFW,2024,cached,475799
DFW,2025,downloaded,473889
DSM,2000,downloaded,443255
DSM,2001,downloaded,441734
DSM,2002,downloaded,443800
DSM,2003,downloaded,443212
DSM,2004,downloaded,447286
DSM,2005,downloaded,445297
DSM,2006,downloaded,448578
DSM,2007,downloaded,445783
DSM,2008,downloaded,447452
DSM,2009,downloaded,469916
DSM,2010,downloaded,450934
DSM,2011,downloaded,448784
DSM,2012,downloaded,470156
DSM,2013,downloaded,470059
DSM,2014,downloaded,473157
DSM,2015,downloaded,473336
DSM,2016,downloaded,475699
DSM,2017,downloaded,475586
DSM,2018,downloaded,472221
DSM,2019,downloaded,474514
DSM,2020,downloaded,474738
DSM,2021,downloaded,473595
DSM,2022,downloaded,474802
DSM,2023,downloaded,474622
DSM,2024,downloaded,474896
DSM,2025,downloaded,474709
DTW,2000,downloaded,441311
DTW,2001,downloaded,443685
DTW,2002,downloaded,440223
DTW,2003,downloaded,446302
DTW,2004,downloaded,449494
DTW,2005,downloaded,440315
DTW,2006,downloaded,449058
DTW,2007,downloaded,296813
DTW,2008,downloaded,451335
DTW,2009,downloaded,474622
DTW,2010,downloaded,455939
DTW,2011,downloaded,454261
DTW,2012,downloaded,474853
DTW,2013,downloaded,474451
DTW,2014,downloaded,475640
DTW,2015,downloaded,474312
DTW,2016,downloaded,475514
DTW,2017,downloaded,475847
DTW,2018,downloaded,473684
DTW,2019,downloaded,474335
DTW,2020,downloaded,475757
DTW,2021,downloaded,472855
DTW,2022,downloaded,477142
DTW,2023,downloaded,476541
DTW,2024,downloaded,477596
DTW,2025,downloaded,476103
ELP,2000,downloaded,445166
ELP,2001,downloaded,448321
ELP,2002,downloaded,449146
ELP,2003,downloaded,445289
ELP,2004,downloaded,448131
ELP,2005,downloaded,448284
ELP,2006,downloaded,449155
ELP,2007,downloaded,448585
ELP,2008,downloaded,447161
ELP,2009,downloaded,472233
ELP,2010,downloaded,451467
ELP,2011,downloaded,441758
ELP,2012,downloaded,469251
ELP,2013,downloaded,471695
ELP,2014,downloaded,474735
ELP,2015,downloaded,476270
ELP,2016,downloaded,475113
ELP,2017,downloaded,474844
ELP,2018,downloaded,477223
ELP,2019,downloaded,478549
ELP,2020,downloaded,474988
ELP,2021,downloaded,474084
ELP,2022,downloaded,473454
ELP,2023,downloaded,477685
ELP,2024,downloaded,476831
ELP,2025,downloaded,473569
EVV,2000,downloaded,422449
EVV,2001,downloaded,422380
EVV,2002,downloaded,418480
EVV,2003,downloaded,424879
EVV,2004,downloaded,420053
EVV,2005,downloaded,424249
EVV,2006,downloaded,425386
EVV,2007,downloaded,424875
EVV,2008,downloaded,428381
EVV,2009,downloaded,429645
EVV,2010,downloaded,426820
EVV,2011,downloaded,428831
EVV,2012,downloaded,447752
EVV,2013,downloaded,450738
EVV,2014,downloaded,450019
EVV,2015,downloaded,448556
EVV,2016,downloaded,451952
EVV,2017,downloaded,451112
EVV,2018,downloaded,450328
EVV,2019,downloaded,451715
EVV,2020,downloaded,452825
EVV,2021,downloaded,450905
EVV,2022,downloaded,449377
EVV,2023,downloaded,449608
EVV,2024,downloaded,450638
EVV,2025,downloaded,447220
EWR,2000,downloaded,450159
EWR,2001,downloaded,448665
EWR,2002,downloaded,450355
EWR,2003,downloaded,448043
EWR,2004,downloaded,449408
EWR,2005,downloaded,451143
EWR,2006,downloaded,450346
EWR,2007,downloaded,449677
EWR,2008,downloaded,452400
EWR,2009,downloaded,454288
EWR,2010,downloaded,454894
EWR,2011,downloaded,451535
EWR,2012,downloaded,474375
EWR,2013,downloaded,475972
EWR,2014,downloaded,477519
EWR,2015,downloaded,475965
EWR,2016,downloaded,479405
EWR,2017,downloaded,477278
EWR,2018,downloaded,476043
EWR,2019,downloaded,478421
EWR,2020,downloaded,478514
EWR,2021,downloaded,478144
EWR,2022,downloaded,477816
EWR,2023,downloaded,479080
EWR,2024,downloaded,478991
EWR,2025,downloaded,479143
FLL,2000,downloaded,452093
FLL,2001,downloaded,453297
FLL,2002,downloaded,453293
FLL,2003,downloaded,450795
FLL,2004,downloaded,451099
FLL,2005,downloaded,447940
FLL,2006,downloaded,447227
FLL,2007,downloaded,450475
FLL,2008,downloaded,451422
FLL,2009,downloaded,473936
FLL,2010,downloaded,454482
FLL,2011,downloaded,450212
FLL,2012,downloaded,474347
FLL,2013,downloaded,477127
FLL,2014,downloaded,476840
FLL,2015,downloaded,479525
FLL,2016,downloaded,481493
FLL,2017,downloaded,477847
FLL,2018,downloaded,477974
FLL,2019,downloaded,476938
FLL,2020,downloaded,479707
FLL,2021,downloaded,477018
FLL,2022,downloaded,477893
FLL,2023,downloaded,476826
FLL,2024,downloaded,480910
FLL,2025,downloaded,477975
FWA,2000,downloaded,432885
FWA,2001,downloaded,440836
FWA,2002,downloaded,447654
FWA,2003,downloaded,448328
FWA,2004,downloaded,449992
FWA,2005,downloaded,446657
FWA,2006,downloaded,449007
FWA,2007,downloaded,447820
FWA,2008,downloaded,453151
FWA,2009,downloaded,453617
FWA,2010,downloaded,452068
FWA,2011,downloaded,453296
FWA,2012,downloaded,475178
FWA,2013,downloaded,474378
FWA,2014,downloaded,475936
FWA,2015,downloaded,475112
FWA,2016,downloaded,477518
FWA,2017,downloaded,476154
FWA,2018,downloaded,474811
FWA,2019,downloaded,476430
FWA,2020,downloaded,477058
FWA,2021,downloaded,475982
FWA,2022,downloaded,476742
FWA,2023,downloaded,475743
FWA,2024,downloaded,477942
FWA,2025,downloaded,476328
GNV,2000,downloaded,422721
GNV,2001,downloaded,424799
GNV,2002,downloaded,423145
GNV,2003,downloaded,422822
GNV,2004,downloaded,424297
GNV,2005,downloaded,425352
GNV,2006,downloaded,420562
GNV,2007,downloaded,422193
GNV,2008,downloaded,425219
GNV,2009,downloaded,445756
GNV,2010,downloaded,424642
GNV,2011,downloaded,420079
GNV,2012,downloaded,450245
GNV,2013,downloaded,450087
GNV,2014,downloaded,448285
GNV,2015,downloaded,451515
GNV,2016,downloaded,449829
GNV,2017,downloaded,448684
GNV,2018,downloaded,448257
GNV,2019,downloaded,448648
GNV,2020,downloaded,450322
GNV,2021,downloaded,448752
GNV,2022,downloaded,448073
GNV,2023,downloaded,448807
GNV,2024,downloaded,450510
GNV,2025,downloaded,440949
GRR,2000,downloaded,442004
GRR,2001,downloaded,450727
GRR,2002,downloaded,450688
GRR,2003,downloaded,449605
GRR,2004,downloaded,451463
GRR,2005,downloaded,449628
GRR,2006,downloaded,452798
GRR,2007,downloaded,447246
GRR,2008,downloaded,448191
GRR,2009,downloaded,467783
GRR,2010,downloaded,450090
GRR,2011,downloaded,447538
GRR,2012,downloaded,470571
GRR,2013,downloaded,468265
GRR,2014,downloaded,468857
GRR,2015,downloaded,469111
GRR,2016,downloaded,471070
GRR,2017,downloaded,470430
GRR,2018,downloaded,469711
GRR,2019,downloaded,470842
GRR,2020,downloaded,471510
GRR,2021,downloaded,470474
GRR,2022,downloaded,471338
GRR,2023,downloaded,470082
GRR,2024,downloaded,472215
GRR,2025,downloaded,470523
GSO,2000,downloaded,430993
GSO,2001,downloaded,439239
GSO,2002,downloaded,443398
GSO,2003,downloaded,435858
GSO,2004,downloaded,427348
GSO,2005,downloaded,426978
GSO,2006,downloaded,427937
GSO,2007,downloaded,425404
GSO,2008,downloaded,427400
GSO,2009,downloaded,452421
GSO,2010,downloaded,428583
GSO,2011,downloaded,427673
GSO,2012,downloaded,453161
GSO,2013,downloaded,463472
GSO,2014,downloaded,471060
GSO,2015,downloaded,470744
GSO,2016,downloaded,473145
GSO,2017,downloaded,473273
GSO,2018,downloaded,472185
GSO,2019,downloaded,473869
GSO,2020,downloaded,473404
GSO,2021,downloaded,472084
GSO,2022,downloaded,473122
GSO,2023,downloaded,474419
GSO,2024,downloaded,475252
GSO,2025,downloaded,475373
HOU,2000,downloaded,448565
HOU,2001,downloaded,449614
HOU,2002,downloaded,451356
HOU,2003,downloaded,447194
HOU,2004,downloaded,452543
HOU,2005,downloaded,450688
HOU,2006,downloaded,449999
HOU,2007,downloaded,451873
HOU,2008,downloaded,448715
HOU,2009,downloaded,471432
HOU,2010,downloaded,452993
HOU,2011,downloaded,448698
HOU,2012,downloaded,472195
HOU,2013,downloaded,474715
HOU,2014,downloaded,473105
HOU,2015,downloaded,474177
HOU,2016,downloaded,475975
HOU,2017,downloaded,474328
HOU,2018,downloaded,475914
HOU,2019,downloaded,475898
HOU,2020,downloaded,475640
HOU,2021,downloaded,473088
HOU,2022,downloaded,472438
HOU,2023,downloaded,475598
HOU,2024,downloaded,473828
HOU,2025,downloaded,472051
HPN,2000,downloaded,412334
HPN,2001,downloaded,302996
HPN,2002,downloaded,439691
HPN,2003,downloaded,443310
HPN,2004,downloaded,445170
HPN,2005,downloaded,445607
HPN,2006,downloaded,447502
HPN,2007,downloaded,442481
HPN,2008,downloaded,446188
HPN,2009,downloaded,458767
HPN,2010,downloaded,437202
HPN,2011,downloaded,436262
HPN,2012,downloaded,455220
HPN,2013,downloaded,456134
HPN,2014,downloaded,457241
HPN,2015,downloaded,455207
HPN,2016,downloaded,456538
HPN,2017,downloaded,458951
HPN,2018,downloaded,459603
HPN,2019,downloaded,455490
HPN,2020,downloaded,458887
HPN,2021,downloaded,457099
HPN,2022,downloaded,455478
HPN,2023,downloaded,456404
HPN,2024,downloaded,458945
HPN,2025,downloaded,457702
HSV,2000,downloaded,423189
HSV,2001,downloaded,425857
HSV,2002,downloaded,431916
HSV,2003,downloaded,431635
HSV,2004,downloaded,432131
HSV,2005,downloaded,429298
HSV,2006,downloaded,427433
HSV,2007,downloaded,426865
HSV,2008,downloaded,439481
HSV,2009,downloaded,465580
HSV,2010,downloaded,446600
HSV,2011,downloaded,444165
HSV,2012,downloaded,469364
HSV,2013,downloaded,466989
HSV,2014,downloaded,466344
HSV,2015,downloaded,464820
HSV,2016,downloaded,467220
HSV,2017,downloaded,466219
HSV,2018,downloaded,466547
HSV,2019,downloaded,465902
HSV,2020,downloaded,466562
HSV,2021,downloaded,464646
HSV,2022,downloaded,463727
HSV,2023,downloaded,465976
HSV,2024,downloaded,467731
HSV,2025,downloaded,463292
HVN,2000,downloaded,296427
HVN,2001,downloaded,252640
HVN,2002,downloaded,421327
HVN,2003,downloaded,424880
HVN,2004,downloaded,426633
HVN,2005,downloaded,422701
HVN,2006,downloaded,421776
HVN,2007,downloaded,422731
HVN,2008,downloaded,416921
HVN,2009,downloaded,425942
HVN,2010,downloaded,428023
HVN,2011,downloaded,408784
HVN,2012,downloaded,452170
HVN,2013,downloaded,460080
HVN,2014,downloaded,460805
HVN,2015,downloaded,458166
HVN,2016,downloaded,460668
HVN,2017,downloaded,458135
HVN,2018,downloaded,458329
HVN,2019,downloaded,457426
HVN,2020,downloaded,454858
HVN,2021,downloaded,451780
HVN,2022,downloaded,449735
HVN,2023,downloaded,449364
HVN,2024,downloaded,451969
HVN,2025,downloaded,453205
IAD,2000,downloaded,447102
IAD,2001,downloaded,441704
IAD,2002,downloaded,443760
IAD,2003,downloaded,444201
IAD,2004,downloaded,441453
IAD,2005,downloaded,416390
IAD,2006,downloaded,425309
IAD,2007,downloaded,444492
IAD,2008,downloaded,450362
IAD,2009,downloaded,450787
IAD,2010,downloaded,450540
IAD,2011,downloaded,447343
IAD,2012,downloaded,471626
IAD,2013,downloaded,472000
IAD,2014,downloaded,474066
IAD,2015,downloaded,468798
IAD,2016,downloaded,474553
IAD,2017,downloaded,475544
IAD,2018,downloaded,471024
IAD,2019,downloaded,474515
IAD,2020,downloaded,474420
IAD,2021,downloaded,471641
IAD,2022,downloaded,471238
IAD,2023,downloaded,472211
IAD,2024,downloaded,472221
IAD,2025,downloaded,473723
IAH,2000,downloaded,444976
IAH,2001,downloaded,449292
IAH,2002,downloaded,449431
IAH,2003,downloaded,447543
IAH,2004,downloaded,450202
IAH,2005,downloaded,450606
IAH,2006,downloaded,449700
IAH,2007,downloaded,451116
IAH,2008,downloaded,448178
IAH,2009,downloaded,472147
IAH,2010,downloaded,453449
IAH,2011,downloaded,444444
IAH,2012,downloaded,472405
IAH,2013,downloaded,475106
IAH,2014,downloaded,473575
IAH,2015,downloaded,473986
IAH,2016,downloaded,475534
IAH,2017,downloaded,474430
IAH,2018,downloaded,476255
IAH,2019,downloaded,475413
IAH,2020,downloaded,474603
IAH,2021,downloaded,472360
IAH,2022,downloaded,471568
IAH,2023,downloaded,475018
IAH,2024,downloaded,473241
IAH,2025,downloaded,472449
ICT,2000,downloaded,443150
ICT,2001,downloaded,439890
ICT,2002,downloaded,444787
ICT,2003,downloaded,447780
ICT,2004,downloaded,446836
ICT,2005,downloaded,446146
ICT,2006,downloaded,451657
ICT,2007,downloaded,402018
ICT,2008,downloaded,459964
ICT,2009,downloaded,476304
ICT,2010,downloaded,456569
ICT,2011,downloaded,451698
ICT,2012,downloaded,475126
ICT,2013,downloaded,473945
ICT,2014,downloaded,470365
ICT,2015,downloaded,473984
ICT,2016,downloaded,475644
ICT,2017,downloaded,474703
ICT,2018,downloaded,471742
ICT,2019,downloaded,473811
ICT,2020,downloaded,473211
ICT,2021,downloaded,471336
ICT,2022,downloaded,473449
ICT,2023,downloaded,474587
ICT,2024,downloaded,475396
ICT,2025,downloaded,474202
IND,2000,downloaded,442407
IND,2001,downloaded,440817
IND,2002,downloaded,446012
IND,2003,downloaded,448502
IND,2004,downloaded,450510
IND,2005,downloaded,446536
IND,2006,downloaded,275813
IND,2007,downloaded,449275
IND,2008,downloaded,453209
IND,2009,downloaded,452903
IND,2010,downloaded,450875
IND,2011,downloaded,452550
IND,2012,downloaded,472798
IND,2013,downloaded,473598
IND,2014,downloaded,474636
IND,2015,downloaded,474413
IND,2016,downloaded,476346
IND,2017,downloaded,476368
IND,2018,downloaded,474031
IND,2019,downloaded,474982
IND,2020,downloaded,475627
IND,2021,downloaded,475238
IND,2022,downloaded,475185
IND,2023,downloaded,475592
IND,2024,downloaded,475581
IND,2025,downloaded,473605
IWA,2000,downloaded,251008
IWA,2001,downloaded,154098
IWA,2002,downloaded,170812
IWA,2003,downloaded,179877
IWA,2004,downloaded,196799
IWA,2005,downloaded,214731
IWA,2006,downloaded,229152
IWA,2007,downloaded,208699
IWA,2008,downloaded,217488
IWA,2009,downloaded,249096
IWA,2010,downloaded,230917
IWA,2011,downloaded,401402
IWA,2012,downloaded,280985
IWA,2013,downloaded,290593
IWA,2014,downloaded,307817
IWA,2015,downloaded,305174
IWA,2016,downloaded,272110
IWA,2017,downloaded,256756
IWA,2018,downloaded,223642
IWA,2019,downloaded,168165
IWA,2020,downloaded,208609
IWA,2021,downloaded,237073
IWA,2022,downloaded,289040
IWA,2023,downloaded,430812
IWA,2024,downloaded,428808
IWA,2025,downloaded,429334
JAX,2000,downloaded,412187
JAX,2001,downloaded,429219
JAX,2002,downloaded,448720
JAX,2003,downloaded,446910
JAX,2004,downloaded,450286
JAX,2005,downloaded,448244
JAX,2006,downloaded,447589
JAX,2007,downloaded,449574
JAX,2008,downloaded,448062
JAX,2009,downloaded,474009
JAX,2010,downloaded,448388
JAX,2011,downloaded,443698
JAX,2012,downloaded,472588
JAX,2013,downloaded,474080
JAX,2014,downloaded,472171
JAX,2015,downloaded,474590
JAX,2016,downloaded,473781
JAX,2017,downloaded,472855
JAX,2018,downloaded,474130
JAX,2019,downloaded,474830
JAX,2020,downloaded,475680
JAX,2021,downloaded,474017
JAX,2022,downloaded,473817
JAX,2023,downloaded,475945
JAX,2024,downloaded,475368
JAX,2025,downloaded,473447
JFK,2000,downloaded,452232
JFK,2001,downloaded,475010
JFK,2002,downloaded,476270
JFK,2003,downloaded,475646
JFK,2004,downloaded,476916
JFK,2005,downloaded,476250
JFK,2006,downloaded,477316
JFK,2007,downloaded,476339
JFK,2008,downloaded,478483
JFK,2009,downloaded,477474
JFK,2010,downloaded,460253
JFK,2011,downloaded,455367
JFK,2012,downloaded,478024
JFK,2013,downloaded,478550
JFK,2014,downloaded,479601
JFK,2015,downloaded,478609
JFK,2016,downloaded,481472
JFK,2017,downloaded,479442
JFK,2018,downloaded,478901
JFK,2019,downloaded,480051
JFK,2020,downloaded,480536
JFK,2021,downloaded,480314
JFK,2022,downloaded,479296
JFK,2023,downloaded,480523
JFK,2024,downloaded,481369
JFK,2025,downloaded,481235
LAS,2000,downloaded,437514
LAS,2001,downloaded,441935
LAS,2002,downloaded,441141
LAS,2003,downloaded,446434
LAS,2004,downloaded,444870
LAS,2005,downloaded,444803
LAS,2006,downloaded,444775
LAS,2007,downloaded,441430
LAS,2008,downloaded,441067
LAS,2009,downloaded,440037
LAS,2010,downloaded,446060
LAS,2011,downloaded,443040
LAS,2012,downloaded,469686
LAS,2013,downloaded,467511
LAS,2014,downloaded,471862
LAS,2015,downloaded,473238
LAS,2016,downloaded,474309
LAS,2017,downloaded,474276
LAS,2018,downloaded,475765
LAS,2019,downloaded,474161
LAS,2020,downloaded,470181
LAS,2021,downloaded,472759
LAS,2022,downloaded,472158
LAS,2023,downloaded,472345
LAS,2024,downloaded,472042
LAS,2025,downloaded,469414
LAX,2000,downloaded,434644
LAX,2001,downloaded,439204
LAX,2002,downloaded,434018
LAX,2003,downloaded,441093
LAX,2004,downloaded,443253
LAX,2005,downloaded,436904
LAX,2006,downloaded,441698
LAX,2007,downloaded,437209
LAX,2008,downloaded,440112
LAX,2009,downloaded,444113
LAX,2010,downloaded,446732
LAX,2011,downloaded,443704
LAX,2012,downloaded,469685
LAX,2013,downloaded,469486
LAX,2014,downloaded,471715
LAX,2015,downloaded,470276
LAX,2016,downloaded,471672
LAX,2017,downloaded,470671
LAX,2018,downloaded,472457
LAX,2019,downloaded,472312
LAX,2020,downloaded,471150
LAX,2021,downloaded,469303
LAX,2022,downloaded,469350
LAX,2023,downloaded,471786
LAX,2024,downloaded,473022
LAX,2025,downloaded,470180
LCK,2000,downloaded,406826
LCK,2001,downloaded,144952
LCK,2002,downloaded,201819
LCK,2003,downloaded,418825
LCK,2004,downloaded,410120
LCK,2005,downloaded,592956
LCK,2006,downloaded,270951
LCK,2007,downloaded,231899
LCK,2008,downloaded,237829
LCK,2009,downloaded,771250
LCK,2010,downloaded,756878
LCK,2011,downloaded,428622
LCK,2012,downloaded,447529
LCK,2013,downloaded,453511
LCK,2014,downloaded,450807
LCK,2015,downloaded,451354
LCK,2016,downloaded,419007
LCK,2017,downloaded,443914
LCK,2018,downloaded,452787
LCK,2019,downloaded,425567
LCK,2020,downloaded,453837
LCK,2021,downloaded,452341
LCK,2022,downloaded,454377
LCK,2023,downloaded,447665
LCK,2024,downloaded,451881
LCK,2025,downloaded,454556
LEX,2000,downloaded,421971
LEX,2001,downloaded,426438
LEX,2002,downloaded,428552
LEX,2003,downloaded,428929
LEX,2004,downloaded,429242
LEX,2005,downloaded,421328
LEX,2006,downloaded,426654
LEX,2007,downloaded,425664
LEX,2008,downloaded,422125
LEX,2009,downloaded,429248
LEX,2010,downloaded,424794
LEX,2011,downloaded,427718
LEX,2012,downloaded,449908
LEX,2013,downloaded,452209
LEX,2014,downloaded,452583
LEX,2015,downloaded,448763
LEX,2016,downloaded,451372
LEX,2017,downloaded,452240
LEX,2018,downloaded,451698
LEX,2019,downloaded,449904
LEX,2020,downloaded,451926
LEX,2021,downloaded,450063
LEX,2022,downloaded,448722
LEX,2023,downloaded,443899
LEX,2024,downloaded,447170
LEX,2025,downloaded,447270
LGA,2000,downloaded,451700
LGA,2001,downloaded,451239
LGA,2002,downloaded,452984
LGA,2003,downloaded,453469
LGA,2004,downloaded,453312
LGA,2005,downloaded,451995
LGA,2006,downloaded,452222
LGA,2007,downloaded,451057
LGA,2008,downloaded,454378
LGA,2009,downloaded,476296
LGA,2010,downloaded,457938
LGA,2011,downloaded,453165
LGA,2012,downloaded,476367
LGA,2013,downloaded,475909
LGA,2014,downloaded,477325
LGA,2015,downloaded,475198
LGA,2016,downloaded,479480
LGA,2017,downloaded,478274
LGA,2018,downloaded,477301
LGA,2019,downloaded,478593
LGA,2020,downloaded,479346
LGA,2021,downloaded,479204
LGA,2022,downloaded,478331
LGA,2023,downloaded,479763
LGA,2024,downloaded,480157
LGA,2025,downloaded,479847
LGB,2000,downloaded,433298
LGB,2001,downloaded,436482
LGB,2002,downloaded,436845
LGB,2003,downloaded,437480
LGB,2004,downloaded,226565
LGB,2005,downloaded,421522
LGB,2006,downloaded,419818
LGB,2007,downloaded,417798
LGB,2008,downloaded,419039
LGB,2009,downloaded,414186
LGB,2010,downloaded,412164
LGB,2011,downloaded,419721
LGB,2012,downloaded,443010
LGB,2013,downloaded,443678
LGB,2014,downloaded,442458
LGB,2015,downloaded,437956
LGB,2016,downloaded,444116
LGB,2017,downloaded,441269
LGB,2018,downloaded,442398
LGB,2019,downloaded,443741
LGB,2020,downloaded,441887
LGB,2021,downloaded,441730
LGB,2022,downloaded,440292
LGB,2023,downloaded,443926
LGB,2024,downloaded,418801
LGB,2025,downloaded,431496
LIT,2000,downloaded,430522
LIT,2001,downloaded,431472
LIT,2002,downloaded,433616
LIT,2003,downloaded,433955
LIT,2004,downloaded,441867
LIT,2005,downloaded,440637
LIT,2006,downloaded,442962
LIT,2007,downloaded,462581
LIT,2008,downloaded,451830
LIT,2009,downloaded,465139
LIT,2010,downloaded,448656
LIT,2011,downloaded,443425
LIT,2012,downloaded,470661
LIT,2013,downloaded,470473
LIT,2014,downloaded,471547
LIT,2015,downloaded,470238
LIT,2016,downloaded,472451
LIT,2017,downloaded,471540
LIT,2018,downloaded,471999
LIT,2019,downloaded,471353
LIT,2020,downloaded,470625
LIT,2021,downloaded,468644
LIT,2022,downloaded,467595
LIT,2023,downloaded,470074
LIT,2024,downloaded,466488
LIT,2025,downloaded,468217
MAF,2000,downloaded,410819
MAF,2001,downloaded,416573
MAF,2002,downloaded,415931
MAF,2003,downloaded,415658
MAF,2004,downloaded,418783
MAF,2005,downloaded,417500
MAF,2006,downloaded,416467
MAF,2007,downloaded,419940
MAF,2008,downloaded,417482
MAF,2009,downloaded,438049
MAF,2010,downloaded,423561
MAF,2011,downloaded,413283
MAF,2012,downloaded,440472
MAF,2013,downloaded,441173
MAF,2014,downloaded,442848
MAF,2015,downloaded,444569
MAF,2016,downloaded,445122
MAF,2017,downloaded,442230
MAF,2018,downloaded,442343
MAF,2019,downloaded,443915
MAF,2020,downloaded,441735
MAF,2021,downloaded,439958
MAF,2022,downloaded,439286
MAF,2023,downloaded,440474
MAF,2024,downloaded,434976
MAF,2025,downloaded,432417
MCI,2000,downloaded,443129
MCI,2001,downloaded,439311
MCI,2002,downloaded,444122
MCI,2003,downloaded,444916
MCI,2004,downloaded,446162
MCI,2005,downloaded,443475
MCI,2006,downloaded,438667
MCI,2007,downloaded,459949
MCI,2008,downloaded,453752
MCI,2009,downloaded,469104
MCI,2010,downloaded,449138
MCI,2011,downloaded,445342
MCI,2012,downloaded,469639
MCI,2013,downloaded,470932
MCI,2014,downloaded,472276
MCI,2015,downloaded,468555
MCI,2016,downloaded,471519
MCI,2017,downloaded,470270
MCI,2018,downloaded,468567
MCI,2019,downloaded,469078
MCI,2020,downloaded,466787
MCI,2021,downloaded,465177
MCI,2022,downloaded,469171
MCI,2023,downloaded,469360
MCI,2024,downloaded,468991
MCI,2025,downloaded,472464
MCO,2000,downloaded,441440
MCO,2001,downloaded,448745
MCO,2002,downloaded,447303
MCO,2003,downloaded,447700
MCO,2004,downloaded,448247
MCO,2005,downloaded,448145
MCO,2006,downloaded,446459
MCO,2007,downloaded,446570
MCO,2008,downloaded,449198
MCO,2009,downloaded,473202
MCO,2010,downloaded,450557
MCO,2011,downloaded,440680
MCO,2012,downloaded,466504
MCO,2013,downloaded,474759
MCO,2014,downloaded,473019
MCO,2015,downloaded,475840
MCO,2016,downloaded,477251
MCO,2017,downloaded,473353
MCO,2018,downloaded,476842
MCO,2019,downloaded,475578
MCO,2020,downloaded,477869
MCO,2021,downloaded,476290
MCO,2022,downloaded,474868
MCO,2023,downloaded,476742
MCO,2024,downloaded,478432
MCO,2025,downloaded,473958
MDT,2000,downloaded,431699
MDT,2001,downloaded,421315
MDT,2002,downloaded,427126
MDT,2003,downloaded,428871
MDT,2004,downloaded,421515
MDT,2005,downloaded,425192
MDT,2006,downloaded,425560
MDT,2007,downloaded,422320
MDT,2008,downloaded,437299
MDT,2009,downloaded,446886
MDT,2010,downloaded,447437
MDT,2011,downloaded,444027
MDT,2012,downloaded,469078
MDT,2013,downloaded,471323
MDT,2014,downloaded,473740
MDT,2015,downloaded,471155
MDT,2016,downloaded,474092
MDT,2017,downloaded,471751
MDT,2018,downloaded,470150
MDT,2019,downloaded,472417
MDT,2020,downloaded,472316
MDT,2021,downloaded,471873
MDT,2022,downloaded,470719
MDT,2023,downloaded,470633
MDT,2024,downloaded,472821
MDT,2025,downloaded,472648
MDW,2000,downloaded,447862
MDW,2001,downloaded,464611
MDW,2002,downloaded,444107
MDW,2003,downloaded,447133
MDW,2004,downloaded,450355
MDW,2005,downloaded,450138
MDW,2006,downloaded,264864
MDW,2007,downloaded,446453
MDW,2008,downloaded,452148
MDW,2009,downloaded,470856
MDW,2010,downloaded,449712
MDW,2011,downloaded,448827
MDW,2012,downloaded,474268
MDW,2013,downloaded,471824
MDW,2014,downloaded,474799
MDW,2015,downloaded,475392
MDW,2016,downloaded,477705
MDW,2017,downloaded,476589
MDW,2018,downloaded,473919
MDW,2019,downloaded,476257
MDW,2020,downloaded,477046
MDW,2021,downloaded,475824
MDW,2022,downloaded,476136
MDW,2023,downloaded,475081
MDW,2024,downloaded,477085
MDW,2025,downloaded,475637
MEM,2000,downloaded,434703
MEM,2001,downloaded,439673
MEM,2002,downloaded,431027
MEM,2003,downloaded,443478
MEM,2004,downloaded,446794
MEM,2005,downloaded,441444
MEM,2006,downloaded,442452
MEM,2007,downloaded,443461
MEM,2008,downloaded,442206
MEM,2009,downloaded,470837
MEM,2010,downloaded,446979
MEM,2011,downloaded,441977
MEM,2012,downloaded,470831
MEM,2013,downloaded,472740
MEM,2014,downloaded,473153
MEM,2015,downloaded,471399
MEM,2016,downloaded,473035
MEM,2017,downloaded,469465
MEM,2018,downloaded,470832
MEM,2019,downloaded,470512
MEM,2020,downloaded,470824
MEM,2021,downloaded,469248
MEM,2022,downloaded,467941
MEM,2023,downloaded,471431
MEM,2024,downloaded,470048
MEM,2025,downloaded,471843
MFE,2000,downloaded,427630
MFE,2001,downloaded,417170
MFE,2002,downloaded,421736
MFE,2003,downloaded,418724
MFE,2004,downloaded,426945
MFE,2005,downloaded,422527
MFE,2006,downloaded,410788
MFE,2007,downloaded,416997
MFE,2008,downloaded,422614
MFE,2009,downloaded,448214
MFE,2010,downloaded,425895
MFE,2011,downloaded,416147
MFE,2012,downloaded,453738
MFE,2013,downloaded,454074
MFE,2014,downloaded,454913
MFE,2015,downloaded,453802
MFE,2016,downloaded,454913
MFE,2017,downloaded,452497
MFE,2018,downloaded,452180
MFE,2019,downloaded,456789
MFE,2020,downloaded,453832
MFE,2021,downloaded,448527
MFE,2022,downloaded,452987
MFE,2023,downloaded,452003
MFE,2024,downloaded,455943
MFE,2025,downloaded,449949
MIA,2000,downloaded,448045
MIA,2001,downloaded,445946
MIA,2002,downloaded,448095
MIA,2003,downloaded,320454
MIA,2004,downloaded,453514
MIA,2005,downloaded,452106
MIA,2006,downloaded,452738
MIA,2007,downloaded,454146
MIA,2008,downloaded,455325
MIA,2009,downloaded,455854
MIA,2010,downloaded,455348
MIA,2011,downloaded,454403
MIA,2012,downloaded,475537
MIA,2013,downloaded,476760
MIA,2014,downloaded,475936
MIA,2015,downloaded,477692
MIA,2016,downloaded,479589
MIA,2017,downloaded,477333
MIA,2018,downloaded,478347
MIA,2019,downloaded,478343
MIA,2020,downloaded,478752
MIA,2021,downloaded,478028
MIA,2022,downloaded,478098
MIA,2023,downloaded,478272
MIA,2024,downloaded,480151
MIA,2025,downloaded,477338
MKC,2000,downloaded,422172
MKC,2001,downloaded,431092
MKC,2002,downloaded,416292
MKC,2003,downloaded,418330
MKC,2004,downloaded,425087
MKC,2005,downloaded,421640
MKC,2006,downloaded,420589
MKC,2007,downloaded,445225
MKC,2008,downloaded,438410
MKC,2009,downloaded,447119
MKC,2010,downloaded,427580
MKC,2011,downloaded,426392
MKC,2012,downloaded,444493
MKC,2013,downloaded,447577
MKC,2014,downloaded,449050
MKC,2015,downloaded,448350
MKC,2016,downloaded,449074
MKC,2017,downloaded,446738
MKC,2018,downloaded,449251
MKC,2019,downloaded,451083
MKC,2020,downloaded,451214
MKC,2021,downloaded,448771
MKC,2022,downloaded,445266
MKC,2023,downloaded,446067
MKC,2024,downloaded,447221
MKC,2025,downloaded,448162
MKE,2000,downloaded,444585
MKE,2001,downloaded,458640
MKE,2002,downloaded,469912
MKE,2003,downloaded,468330
MKE,2004,downloaded,472484
MKE,2005,downloaded,472053
MKE,2006,downloaded,471997
MKE,2007,downloaded,470605
MKE,2008,downloaded,458807
MKE,2009,downloaded,469451
MKE,2010,downloaded,454450
MKE,2011,downloaded,459687
MKE,2012,downloaded,475157
MKE,2013,downloaded,473861
MKE,2014,downloaded,475328
MKE,2015,downloaded,475569
MKE,2016,downloaded,476619
MKE,2017,downloaded,475756
MKE,2018,downloaded,473723
MKE,2019,downloaded,475388
MKE,2020,downloaded,477177
MKE,2021,downloaded,474506
MKE,2022,downloaded,474556
MKE,2023,downloaded,474602
MKE,2024,downloaded,475909
MKE,2025,downloaded,473880
MLI,2000,downloaded,424766
MLI,2001,downloaded,339805
MLI,2002,downloaded,419629
MLI,2003,downloaded,300889
MLI,2004,downloaded,425340
MLI,2005,downloaded,422637
MLI,2006,downloaded,426937
MLI,2007,downloaded,423634
MLI,2008,downloaded,426679
MLI,2009,downloaded,448320
MLI,2010,downloaded,446667
MLI,2011,downloaded,427155
MLI,2012,downloaded,447861
MLI,2013,downloaded,450474
MLI,2014,downloaded,451065
MLI,2015,downloaded,449943
MLI,2016,downloaded,452379
MLI,2017,downloaded,451354
MLI,2018,downloaded,450208
MLI,2019,downloaded,453109
MLI,2020,downloaded,452303
MLI,2021,downloaded,450048
MLI,2022,downloaded,450312
MLI,2023,downloaded,450294
MLI,2024,downloaded,451536
MLI,2025,downloaded,449665
MMU,2000,downloaded,3485
MMU,2001,downloaded,1904
MMU,2002,downloaded,1510
MMU,2003,downloaded,2203
MMU,2004,downloaded,2529
MMU,2005,downloaded,2923
MMU,2006,downloaded,4773
MMU,2007,downloaded,4323
MMU,2008,downloaded,4623
MMU,2009,downloaded,2563
MMU,2010,downloaded,2353
MMU,2011,downloaded,99882
MMU,2012,downloaded,148471
MMU,2013,downloaded,150309
MMU,2014,downloaded,148348
MMU,2015,downloaded,151708
MMU,2016,downloaded,153771
MMU,2017,downloaded,417782
MMU,2018,downloaded,421288
MMU,2019,downloaded,402623
MMU,2020,downloaded,351642
MMU,2021,downloaded,407282
MMU,2022,downloaded,436602
MMU,2023,downloaded,461887
MMU,2024,downloaded,462838
MMU,2025,downloaded,457910
MSN,2000,downloaded,432923
MSN,2001,downloaded,442660
MSN,2002,downloaded,454259
MSN,2003,downloaded,452470
MSN,2004,downloaded,458256
MSN,2005,downloaded,454604
MSN,2006,downloaded,456697
MSN,2007,downloaded,453116
MSN,2008,downloaded,445352
MSN,2009,downloaded,454137
MSN,2010,downloaded,436316
MSN,2011,downloaded,444335
MSN,2012,downloaded,455659
MSN,2013,downloaded,458412
MSN,2014,downloaded,467341
MSN,2015,downloaded,467732
MSN,2016,downloaded,469303
MSN,2017,downloaded,468290
MSN,2018,downloaded,466584
MSN,2019,downloaded,468293
MSN,2020,downloaded,469266
MSN,2021,downloaded,467243
MSN,2022,downloaded,467156
MSN,2023,downloaded,467866
MSN,2024,downloaded,469170
MSN,2025,downloaded,467260
MSP,2000,downloaded,449772
MSP,2001,downloaded,472056
MSP,2002,downloaded,473431
MSP,2003,downloaded,472041
MSP,2004,downloaded,472791
MSP,2005,downloaded,472004
MSP,2006,downloaded,474609
MSP,2007,downloaded,447234
MSP,2008,downloaded,448143
MSP,2009,downloaded,450916
MSP,2010,downloaded,448144
MSP,2011,downloaded,449364
MSP,2012,downloaded,471317
MSP,2013,downloaded,470967
MSP,2014,downloaded,471543
MSP,2015,downloaded,470571
MSP,2016,downloaded,473784
MSP,2017,downloaded,472521
MSP,2018,downloaded,469383
MSP,2019,downloaded,472789
MSP,2020,downloaded,474383
MSP,2021,downloaded,471488
MSP,2022,downloaded,473527
MSP,2023,downloaded,471162
MSP,2024,downloaded,472531
MSP,2025,downloaded,467868
MSY,2000,downloaded,442793
MSY,2001,downloaded,445351
MSY,2002,downloaded,447291
MSY,2003,downloaded,444970
MSY,2004,downloaded,448602
MSY,2005,downloaded,443249
MSY,2006,downloaded,442471
MSY,2007,downloaded,442995
MSY,2008,downloaded,440248
MSY,2009,downloaded,471012
MSY,2010,downloaded,450034
MSY,2011,downloaded,442952
MSY,2012,downloaded,472708
MSY,2013,downloaded,474179
MSY,2014,downloaded,474384
MSY,2015,downloaded,475254
MSY,2016,downloaded,475893
MSY,2017,downloaded,472719
MSY,2018,downloaded,474119
MSY,2019,downloaded,474151
MSY,2020,downloaded,474660
MSY,2021,downloaded,469530
MSY,2022,downloaded,472426
MSY,2023,downloaded,475550
MSY,2024,downloaded,474769
MSY,2025,downloaded,472812
MYR,2000,downloaded,400614
MYR,2001,downloaded,126882
MYR,2002,downloaded,126368
MYR,2003,downloaded,130722
MYR,2004,downloaded,127572
MYR,2005,downloaded,136933
MYR,2006,downloaded,140516
MYR,2007,downloaded,166232
MYR,2008,downloaded,151232
MYR,2009,downloaded,144499
MYR,2010,downloaded,154042
MYR,2011,downloaded,391420
MYR,2012,downloaded,155753
MYR,2013,downloaded,191357
MYR,2014,downloaded,213835
MYR,2015,downloaded,227203
MYR,2016,downloaded,70092
MYR,2017,downloaded,239910
MYR,2018,downloaded,440844
MYR,2019,downloaded,447011
MYR,2020,downloaded,451824
MYR,2021,downloaded,449265
MYR,2022,downloaded,447638
MYR,2023,downloaded,448760
MYR,2024,downloaded,447688
MYR,2025,downloaded,441955
OAK,2000,downloaded,445423
OAK,2001,downloaded,446056
OAK,2002,downloaded,444521
OAK,2003,downloaded,444812
OAK,2004,downloaded,446732
OAK,2005,downloaded,446567
OAK,2006,downloaded,445526
OAK,2007,downloaded,444571
OAK,2008,downloaded,444032
OAK,2009,downloaded,445763
OAK,2010,downloaded,448454
OAK,2011,downloaded,446956
OAK,2012,downloaded,470561
OAK,2013,downloaded,468030
OAK,2014,downloaded,471792
OAK,2015,downloaded,471705
OAK,2016,downloaded,475830
OAK,2017,downloaded,471887
OAK,2018,downloaded,472124
OAK,2019,downloaded,473127
OAK,2020,downloaded,474288
OAK,2021,downloaded,471713
OAK,2022,downloaded,470797
OAK,2023,downloaded,474758
OAK,2024,downloaded,472766
OAK,2025,downloaded,471620
OKC,2000,downloaded,446195
OKC,2001,downloaded,449179
OKC,2002,downloaded,447088
OKC,2003,downloaded,446165
OKC,2004,downloaded,446534
OKC,2005,downloaded,442440
OKC,2006,downloaded,446374
OKC,2007,downloaded,442965
OKC,2008,downloaded,444365
OKC,2009,downloaded,446520
OKC,2010,downloaded,446223
OKC,2011,downloaded,442815
OKC,2012,downloaded,467715
OKC,2013,downloaded,470976
OKC,2014,downloaded,475652
OKC,2015,downloaded,474822
OKC,2016,downloaded,479382
OKC,2017,downloaded,477004
OKC,2018,downloaded,477032
OKC,2019,downloaded,476314
OKC,2020,downloaded,474883
OKC,2021,downloaded,473408
OKC,2022,downloaded,472420
OKC,2023,downloaded,476013
OKC,2024,downloaded,474437
OKC,2025,downloaded,474724
OMA,2000,downloaded,429894
OMA,2001,downloaded,430031
OMA,2002,downloaded,426388
OMA,2003,downloaded,428625
OMA,2004,downloaded,431752
OMA,2005,downloaded,430272
OMA,2006,downloaded,428483
OMA,2007,downloaded,428630
OMA,2008,downloaded,431257
OMA,2009,downloaded,444577
OMA,2010,downloaded,453130
OMA,2011,downloaded,454470
OMA,2012,downloaded,473320
OMA,2013,downloaded,474732
OMA,2014,downloaded,475344
OMA,2015,downloaded,473707
OMA,2016,downloaded,475846
OMA,2017,downloaded,475837
OMA,2018,downloaded,471601
OMA,2019,downloaded,475610
OMA,2020,downloaded,475224
OMA,2021,downloaded,473974
OMA,2022,downloaded,474593
OMA,2023,downloaded,473625
OMA,2024,downloaded,472897
OMA,2025,downloaded,468786
ONT,2000,downloaded,434481
ONT,2001,downloaded,435100
ONT,2002,downloaded,435790
ONT,2003,downloaded,437335
ONT,2004,downloaded,430931
ONT,2005,downloaded,435688
ONT,2006,downloaded,437411
ONT,2007,downloaded,426398
ONT,2008,downloaded,435916
ONT,2009,downloaded,437250
ONT,2010,downloaded,439070
ONT,2011,downloaded,437048
ONT,2012,downloaded,463534
ONT,2013,downloaded,462129
ONT,2014,downloaded,467024
ONT,2015,downloaded,467205
ONT,2016,downloaded,468576
ONT,2017,downloaded,468171
ONT,2018,downloaded,469544
ONT,2019,downloaded,468578
ONT,2020,downloaded,467100
ONT,2021,downloaded,466226
ONT,2022,downloaded,466905
ONT,2023,downloaded,466260
ONT,2024,downloaded,466092
ONT,2025,downloaded,463053
ORD,2000,downloaded,442029
ORD,2001,downloaded,442570
ORD,2002,downloaded,447568
ORD,2003,downloaded,449019
ORD,2004,downloaded,451454
ORD,2005,downloaded,450084
ORD,2006,downloaded,187652
ORD,2007,downloaded,447212
ORD,2008,downloaded,453005
ORD,2009,downloaded,454978
ORD,2010,downloaded,453855
ORD,2011,downloaded,453925
ORD,2012,downloaded,474673
ORD,2013,downloaded,473913
ORD,2014,downloaded,475731
ORD,2015,downloaded,474017
ORD,2016,downloaded,477681
ORD,2017,downloaded,476599
ORD,2018,downloaded,473526
ORD,2019,downloaded,476471
ORD,2020,downloaded,476788
ORD,2021,downloaded,475228
ORD,2022,downloaded,476363
ORD,2023,downloaded,476531
ORD,2024,downloaded,477702
ORD,2025,downloaded,476647
ORF,2000,downloaded,438311
ORF,2001,downloaded,437422
ORF,2002,downloaded,438262
ORF,2003,downloaded,439124
ORF,2004,downloaded,442280
ORF,2005,downloaded,438267
ORF,2006,downloaded,424059
ORF,2007,downloaded,422608
ORF,2008,downloaded,433427
ORF,2009,downloaded,441050
ORF,2010,downloaded,438338
ORF,2011,downloaded,440175
ORF,2012,downloaded,448774
ORF,2013,downloaded,452021
ORF,2014,downloaded,451089
ORF,2015,downloaded,448150
ORF,2016,downloaded,450206
ORF,2017,downloaded,447119
ORF,2018,downloaded,450801
ORF,2019,downloaded,447941
ORF,2020,downloaded,451568
ORF,2021,downloaded,447497
ORF,2022,downloaded,447641
ORF,2023,downloaded,446786
ORF,2024,downloaded,449886
ORF,2025,downloaded,448848
PBI,2000,downloaded,452561
PBI,2001,downloaded,455254
PBI,2002,downloaded,453773
PBI,2003,downloaded,451293
PBI,2004,downloaded,451109
PBI,2005,downloaded,446825
PBI,2006,downloaded,445672
PBI,2007,downloaded,448919
PBI,2008,downloaded,451756
PBI,2009,downloaded,478531
PBI,2010,downloaded,460803
PBI,2011,downloaded,454704
PBI,2012,downloaded,479519
PBI,2013,downloaded,480346
PBI,2014,downloaded,479563
PBI,2015,downloaded,480844
PBI,2016,downloaded,481962
PBI,2017,downloaded,479312
PBI,2018,downloaded,479729
PBI,2019,downloaded,479652
PBI,2020,downloaded,480999
PBI,2021,downloaded,479589
PBI,2022,downloaded,478905
PBI,2023,downloaded,478437
PBI,2024,downloaded,479959
PBI,2025,downloaded,477112
PDX,2000,downloaded,448523
PDX,2001,downloaded,452833
PDX,2002,downloaded,444687
PDX,2003,downloaded,451195
PDX,2004,downloaded,449556
PDX,2005,downloaded,441434
PDX,2006,downloaded,452682
PDX,2007,downloaded,380058
PDX,2008,downloaded,453064
PDX,2009,downloaded,451718
PDX,2010,downloaded,454493
PDX,2011,downloaded,449399
PDX,2012,downloaded,472772
PDX,2013,downloaded,469730
PDX,2014,downloaded,472706
PDX,2015,downloaded,470749
PDX,2016,downloaded,474693
PDX,2017,downloaded,469623
PDX,2018,downloaded,471611
PDX,2019,downloaded,471746
PDX,2020,downloaded,472019
PDX,2021,downloaded,472144
PDX,2022,downloaded,469053
PDX,2023,downloaded,471658
PDX,2024,downloaded,473000
PDX,2025,downloaded,469157
PHL,2000,downloaded,447318
PHL,2001,downloaded,445421
PHL,2002,downloaded,446424
PHL,2003,downloaded,439451
PHL,2004,downloaded,449881
PHL,2005,downloaded,449288
PHL,2006,downloaded,452345
PHL,2007,downloaded,449949
PHL,2008,downloaded,452838
PHL,2009,downloaded,453382
PHL,2010,downloaded,453211
PHL,2011,downloaded,452368
PHL,2012,downloaded,474340
PHL,2013,downloaded,474760
PHL,2014,downloaded,476690
PHL,2015,downloaded,475116
PHL,2016,downloaded,478231
PHL,2017,downloaded,477263
PHL,2018,downloaded,475800
PHL,2019,downloaded,477006
PHL,2020,downloaded,477505
PHL,2021,downloaded,476538
PHL,2022,downloaded,475512
PHL,2023,downloaded,475388
PHL,2024,downloaded,477166
PHL,2025,downloaded,477239
PHX,2000,downloaded,441543
PHX,2001,downloaded,442159
PHX,2002,downloaded,439770
PHX,2003,downloaded,442684
PHX,2004,downloaded,442638
PHX,2005,downloaded,311984
PHX,2006,downloaded,446808
PHX,2007,downloaded,448126
PHX,2008,downloaded,445483
PHX,2009,downloaded,447906
PHX,2010,downloaded,447824
PHX,2011,downloaded,445043
PHX,2012,downloaded,470711
PHX,2013,downloaded,468795
PHX,2014,downloaded,471187
PHX,2015,downloaded,471803
PHX,2016,downloaded,472741
PHX,2017,downloaded,474154
PHX,2018,downloaded,474416
PHX,2019,downloaded,475749
PHX,2020,downloaded,472813
PHX,2021,downloaded,471776
PHX,2022,downloaded,472016
PHX,2023,downloaded,472556
PHX,2024,downloaded,474119
PHX,2025,downloaded,469124
PIA,2000,downloaded,427521
PIA,2001,downloaded,440877
PIA,2002,downloaded,423143
PIA,2003,downloaded,425714
PIA,2004,downloaded,428203
PIA,2005,downloaded,425642
PIA,2006,downloaded,426490
PIA,2007,downloaded,424658
PIA,2008,downloaded,428391
PIA,2009,downloaded,449450
PIA,2010,downloaded,428217
PIA,2011,downloaded,427606
PIA,2012,downloaded,446789
PIA,2013,downloaded,450001
PIA,2014,downloaded,451322
PIA,2015,downloaded,449902
PIA,2016,downloaded,451568
PIA,2017,downloaded,450654
PIA,2018,downloaded,449848
PIA,2019,downloaded,451496
PIA,2020,downloaded,451866
PIA,2021,downloaded,449354
PIA,2022,downloaded,449004
PIA,2023,downloaded,451022
PIA,2024,downloaded,450090
PIA,2025,downloaded,449268
PIE,2000,downloaded,419307
PIE,2001,downloaded,420427
PIE,2002,downloaded,421539
PIE,2003,downloaded,421072
PIE,2004,downloaded,421974
PIE,2005,downloaded,424939
PIE,2006,downloaded,418209
PIE,2007,downloaded,419915
PIE,2008,downloaded,426297
PIE,2009,downloaded,449156
PIE,2010,downloaded,428017
PIE,2011,downloaded,421785
PIE,2012,downloaded,450582
PIE,2013,downloaded,451635
PIE,2014,downloaded,449998
PIE,2015,downloaded,451796
PIE,2016,downloaded,449776
PIE,2017,downloaded,451107
PIE,2018,downloaded,451364
PIE,2019,downloaded,450798
PIE,2020,downloaded,449002
PIE,2021,downloaded,450307
PIE,2022,downloaded,445572
PIE,2023,downloaded,448148
PIE,2024,downloaded,432049
PIE,2025,downloaded,441646
PIT,2000,downloaded,450856
PIT,2001,downloaded,451451
PIT,2002,downloaded,452614
PIT,2003,downloaded,451875
PIT,2004,downloaded,452382
PIT,2005,downloaded,449412
PIT,2006,downloaded,451710
PIT,2007,downloaded,449116
PIT,2008,downloaded,452032
PIT,2009,downloaded,453982
PIT,2010,downloaded,451205
PIT,2011,downloaded,447348
PIT,2012,downloaded,465471
PIT,2013,downloaded,470616
PIT,2014,downloaded,474304
PIT,2015,downloaded,472668
PIT,2016,downloaded,473387
PIT,2017,downloaded,475123
PIT,2018,downloaded,473278
PIT,2019,downloaded,474907
PIT,2020,downloaded,475866
PIT,2021,downloaded,475120
PIT,2022,downloaded,475060
PIT,2023,downloaded,474926
PIT,2024,downloaded,476678
PIT,2025,downloaded,475064
PNS,2000,downloaded,417486
PNS,2001,downloaded,402243
PNS,2002,downloaded,423499
PNS,2003,downloaded,418596
PNS,2004,downloaded,416987
PNS,2005,downloaded,424018
PNS,2006,downloaded,421086
PNS,2007,downloaded,421080
PNS,2008,downloaded,425852
PNS,2009,downloaded,448168
PNS,2010,downloaded,427011
PNS,2011,downloaded,420681
PNS,2012,downloaded,449175
PNS,2013,downloaded,450593
PNS,2014,downloaded,447422
PNS,2015,downloaded,449961
PNS,2016,downloaded,448816
PNS,2017,downloaded,450994
PNS,2018,downloaded,449796
PNS,2019,downloaded,447854
PNS,2020,downloaded,449338
PNS,2021,downloaded,448968
PNS,2022,downloaded,446281
PNS,2023,downloaded,448702
PNS,2024,downloaded,449878
PNS,2025,downloaded,448195
PSM,2000,downloaded,440370
PSM,2001,downloaded,438683
PSM,2002,downloaded,426174
PSM,2003,downloaded,441706
PSM,2004,downloaded,396556
PSM,2005,downloaded,420896
PSM,2006,downloaded,438461
PSM,2007,downloaded,439524
PSM,2008,downloaded,442102
PSM,2009,downloaded,448426
PSM,2010,downloaded,448634
PSM,2011,downloaded,437333
PSM,2012,downloaded,468540
PSM,2013,downloaded,299220
PSM,2014,downloaded,459091
PSM,2015,downloaded,468395
PSM,2016,downloaded,466148
PSM,2017,downloaded,468792
PSM,2018,downloaded,461811
PSM,2019,downloaded,460813
PSM,2020,downloaded,472219
PSM,2021,downloaded,466937
PSM,2022,downloaded,472290
PSM,2023,downloaded,471495
PSM,2024,downloaded,472715
PSM,2025,downloaded,467099
PVD,2000,downloaded,445020
PVD,2001,downloaded,445064
PVD,2002,downloaded,446054
PVD,2003,downloaded,449208
PVD,2004,downloaded,449891
PVD,2005,downloaded,449988
PVD,2006,downloaded,449883
PVD,2007,downloaded,449865
PVD,2008,downloaded,452325
PVD,2009,downloaded,450815
PVD,2010,downloaded,451269
PVD,2011,downloaded,451052
PVD,2012,downloaded,472582
PVD,2013,downloaded,468413
PVD,2014,downloaded,469060
PVD,2015,downloaded,465265
PVD,2016,downloaded,469596
PVD,2017,downloaded,465156
PVD,2018,downloaded,467567
PVD,2019,downloaded,467334
PVD,2020,downloaded,469622
PVD,2021,downloaded,468083
PVD,2022,downloaded,467853
PVD,2023,downloaded,469305
PVD,2024,downloaded,469587
PVD,2025,downloaded,468690
PWM,2000,downloaded,428945
PWM,2001,downloaded,424988
PWM,2002,downloaded,426035
PWM,2003,downloaded,425550
PWM,2004,downloaded,425978
PWM,2005,downloaded,427231
PWM,2006,downloaded,426049
PWM,2007,downloaded,424896
PWM,2008,downloaded,429788
PWM,2009,downloaded,435592
PWM,2010,downloaded,431076
PWM,2011,downloaded,430093
PWM,2012,downloaded,452798
PWM,2013,downloaded,453442
PWM,2014,downloaded,465805
PWM,2015,downloaded,463757
PWM,2016,downloaded,467053
PWM,2017,downloaded,464909
PWM,2018,downloaded,465940
PWM,2019,downloaded,464705
PWM,2020,downloaded,466228
PWM,2021,downloaded,467317
PWM,2022,downloaded,465862
PWM,2023,downloaded,465765
PWM,2024,downloaded,464209
PWM,2025,downloaded,464561
RDU,2000,downloaded,435743
RDU,2001,downloaded,436268
RDU,2002,downloaded,438933
RDU,2003,downloaded,440999
RDU,2004,downloaded,445436
RDU,2005,downloaded,444828
RDU,2006,downloaded,447084
RDU,2007,downloaded,447313
RDU,2008,downloaded,448542
RDU,2009,downloaded,472294
RDU,2010,downloaded,451137
RDU,2011,downloaded,448168
RDU,2012,downloaded,474721
RDU,2013,downloaded,473727
RDU,2014,downloaded,475020
RDU,2015,downloaded,473567
RDU,2016,downloaded,475399
RDU,2017,downloaded,476304
RDU,2018,downloaded,474212
RDU,2019,downloaded,476435
RDU,2020,downloaded,475472
RDU,2021,downloaded,473506
RDU,2022,downloaded,475308
RDU,2023,downloaded,474365
RDU,2024,downloaded,475046
RDU,2025,downloaded,473629
RFD,2000,downloaded,429228
RFD,2001,downloaded,460509
RFD,2002,downloaded,441854
RFD,2003,downloaded,446673
RFD,2004,downloaded,447340
RFD,2005,downloaded,444946
RFD,2006,downloaded,446854
RFD,2007,downloaded,443964
RFD,2008,downloaded,448736
RFD,2009,downloaded,468408
RFD,2010,downloaded,449053
RFD,2011,downloaded,448794
RFD,2012,downloaded,471159
RFD,2013,downloaded,469776
RFD,2014,downloaded,472619
RFD,2015,downloaded,470414
RFD,2016,downloaded,473016
RFD,2017,downloaded,472947
RFD,2018,downloaded,469772
RFD,2019,downloaded,472626
RFD,2020,downloaded,472747
RFD,2021,downloaded,471240
RFD,2022,downloaded,470435
RFD,2023,downloaded,470132
RFD,2024,downloaded,472697
RFD,2025,downloaded,472496
RIC,2000,downloaded,443184
RIC,2001,downloaded,441448
RIC,2002,downloaded,445583
RIC,2003,downloaded,445361
RIC,2004,downloaded,446793
RIC,2005,downloaded,445423
RIC,2006,downloaded,447586
RIC,2007,downloaded,446204
RIC,2008,downloaded,450271
RIC,2009,downloaded,448388
RIC,2010,downloaded,446395
RIC,2011,downloaded,448991
RIC,2012,downloaded,473954
RIC,2013,downloaded,472671
RIC,2014,downloaded,474817
RIC,2015,downloaded,472524
RIC,2016,downloaded,473037
RIC,2017,downloaded,473823
RIC,2018,downloaded,472261
RIC,2019,downloaded,475723
RIC,2020,downloaded,473946
RIC,2021,downloaded,471284
RIC,2022,downloaded,472577
RIC,2023,downloaded,472135
RIC,2024,downloaded,471451
RIC,2025,downloaded,471674
ROC,2000,downloaded,450712
ROC,2001,downloaded,452455
ROC,2002,downloaded,452344
ROC,2003,downloaded,451690
ROC,2004,downloaded,453136
ROC,2005,downloaded,451546
ROC,2006,downloaded,453680
ROC,2007,downloaded,452338
ROC,2008,downloaded,455110
ROC,2009,downloaded,473444
ROC,2010,downloaded,455796
ROC,2011,downloaded,455287
ROC,2012,downloaded,474857
ROC,2013,downloaded,473255
ROC,2014,downloaded,473468
ROC,2015,downloaded,473235
ROC,2016,downloaded,474277
ROC,2017,downloaded,474596
ROC,2018,downloaded,474687
ROC,2019,downloaded,474108
ROC,2020,downloaded,476495
ROC,2021,downloaded,474081
ROC,2022,downloaded,473070
ROC,2023,downloaded,474396
ROC,2024,downloaded,475822
ROC,2025,downloaded,473431
RSW,2000,downloaded,421623
RSW,2001,downloaded,413027
RSW,2002,downloaded,414397
RSW,2003,downloaded,419584
RSW,2004,downloaded,412482
RSW,2005,downloaded,423467
RSW,2006,downloaded,412655
RSW,2007,downloaded,416880
RSW,2008,downloaded,424352
RSW,2009,downloaded,446566
RSW,2010,downloaded,426902
RSW,2011,downloaded,421463
RSW,2012,downloaded,449999
RSW,2013,downloaded,450295
RSW,2014,downloaded,447982
RSW,2015,downloaded,449713
RSW,2016,downloaded,451082
RSW,2017,downloaded,448911
RSW,2018,downloaded,447753
RSW,2019,downloaded,447913
RSW,2020,downloaded,450572
RSW,2021,downloaded,447965
RSW,2022,downloaded,431443
RSW,2023,downloaded,442108
RSW,2024,downloaded,439968
RSW,2025,downloaded,446618
SAN,2000,downloaded,439445
SAN,2001,downloaded,441776
SAN,2002,downloaded,441183
SAN,2003,downloaded,444772
SAN,2004,downloaded,443441
SAN,2005,downloaded,445039
SAN,2006,downloaded,443481
SAN,2007,downloaded,443335
SAN,2008,downloaded,443845
SAN,2009,downloaded,445179
SAN,2010,downloaded,447365
SAN,2011,downloaded,445962
SAN,2012,downloaded,472624
SAN,2013,downloaded,471951
SAN,2014,downloaded,472425
SAN,2015,downloaded,473311
SAN,2016,downloaded,475683
SAN,2017,downloaded,473461
SAN,2018,downloaded,474427
SAN,2019,downloaded,473950
SAN,2020,downloaded,474034
SAN,2021,downloaded,471541
SAN,2022,downloaded,471435
SAN,2023,downloaded,473195
SAN,2024,downloaded,475272
SAN,2025,downloaded,472832
SAT,2000,downloaded,439064
SAT,2001,downloaded,445711
SAT,2002,downloaded,442591
SAT,2003,downloaded,446050
SAT,2004,downloaded,448962
SAT,2005,downloaded,445187
SAT,2006,downloaded,447973
SAT,2007,downloaded,442906
SAT,2008,downloaded,436347
SAT,2009,downloaded,467908
SAT,2010,downloaded,444876
SAT,2011,downloaded,433765
SAT,2012,downloaded,473588
SAT,2013,downloaded,443924
SAT,2014,downloaded,473011
SAT,2015,downloaded,473233
SAT,2016,downloaded,474018
SAT,2017,downloaded,474576
SAT,2018,downloaded,476787
SAT,2019,downloaded,476003
SAT,2020,downloaded,475211
SAT,2021,downloaded,473385
SAT,2022,downloaded,474386
SAT,2023,downloaded,473740
SAT,2024,downloaded,473858
SAT,2025,downloaded,472418
SAV,2000,downloaded,418199
SAV,2001,downloaded,423824
SAV,2002,downloaded,425005
SAV,2003,downloaded,426107
SAV,2004,downloaded,428942
SAV,2005,downloaded,426944
SAV,2006,downloaded,425085
SAV,2007,downloaded,427667
SAV,2008,downloaded,429278
SAV,2009,downloaded,440163
SAV,2010,downloaded,440732
SAV,2011,downloaded,441175
SAV,2012,downloaded,470576
SAV,2013,downloaded,465736
SAV,2014,downloaded,462804
SAV,2015,downloaded,465191
SAV,2016,downloaded,464621
SAV,2017,downloaded,461882
SAV,2018,downloaded,464817
SAV,2019,downloaded,467574
SAV,2020,downloaded,469244
SAV,2021,downloaded,464866
SAV,2022,downloaded,465573
SAV,2023,downloaded,468571
SAV,2024,downloaded,468269
SAV,2025,downloaded,465755
SBA,2000,downloaded,435216
SBA,2001,downloaded,432732
SBA,2002,downloaded,423884
SBA,2003,downloaded,419006
SBA,2004,downloaded,415983
SBA,2005,downloaded,418224
SBA,2006,downloaded,416271
SBA,2007,downloaded,415666
SBA,2008,downloaded,417076
SBA,2009,downloaded,419840
SBA,2010,downloaded,420669
SBA,2011,downloaded,419992
SBA,2012,downloaded,443676
SBA,2013,downloaded,441233
SBA,2014,downloaded,443051
SBA,2015,downloaded,441231
SBA,2016,downloaded,444974
SBA,2017,downloaded,442837
SBA,2018,downloaded,440333
SBA,2019,downloaded,446380
SBA,2020,downloaded,408991
SBA,2021,downloaded,442532
SBA,2022,downloaded,434299
SBA,2023,downloaded,443232
SBA,2024,downloaded,445608
SBA,2025,downloaded,440122
SBN,2000,downloaded,435137
SBN,2001,downloaded,432945
SBN,2002,downloaded,431385
SBN,2003,downloaded,434362
SBN,2004,downloaded,437015
SBN,2005,downloaded,430899
SBN,2006,downloaded,433092
SBN,2007,downloaded,433625
SBN,2008,downloaded,436354
SBN,2009,downloaded,437082
SBN,2010,downloaded,435183
SBN,2011,downloaded,436159
SBN,2012,downloaded,451061
SBN,2013,downloaded,453654
SBN,2014,downloaded,452993
SBN,2015,downloaded,453953
SBN,2016,downloaded,442790
SBN,2017,downloaded,451362
SBN,2018,downloaded,454079
SBN,2019,downloaded,456137
SBN,2020,downloaded,453381
SBN,2021,downloaded,454199
SBN,2022,downloaded,454451
SBN,2023,downloaded,452993
SBN,2024,downloaded,454584
SBN,2025,downloaded,451567
SDF,2000,downloaded,444577
SDF,2001,downloaded,442530
SDF,2002,downloaded,445533
SDF,2003,downloaded,444722
SDF,2004,downloaded,450210
SDF,2005,downloaded,446228
SDF,2006,downloaded,447632
SDF,2007,downloaded,446749
SDF,2008,downloaded,449023
SDF,2009,downloaded,449102
SDF,2010,downloaded,447921
SDF,2011,downloaded,450882
SDF,2012,downloaded,472522
SDF,2013,downloaded,471985
SDF,2014,downloaded,474325
SDF,2015,downloaded,472436
SDF,2016,downloaded,474695
SDF,2017,downloaded,474482
SDF,2018,downloaded,473959
SDF,2019,downloaded,474903
SDF,2020,downloaded,475099
SDF,2021,downloaded,473857
SDF,2022,downloaded,474049
SDF,2023,downloaded,475395
SDF,2024,downloaded,474965
SDF,2025,downloaded,472996
SEA,2000,downloaded,441935
SEA,2001,downloaded,446458
SEA,2002,downloaded,439284
SEA,2003,downloaded,450394
SEA,2004,downloaded,447314
SEA,2005,downloaded,441896
SEA,2006,downloaded,451108
SEA,2007,downloaded,451069
SEA,2008,downloaded,454557
SEA,2009,downloaded,472465
SEA,2010,downloaded,456895
SEA,2011,downloaded,456471
SEA,2012,downloaded,473801
SEA,2013,downloaded,470680
SEA,2014,downloaded,473110
SEA,2015,downloaded,471400
SEA,2016,downloaded,475556
SEA,2017,downloaded,471044
SEA,2018,downloaded,472345
SEA,2019,downloaded,473939
SEA,2020,downloaded,473994
SEA,2021,downloaded,473366
SEA,2022,downloaded,471512
SEA,2023,downloaded,473230
SEA,2024,downloaded,475086
SEA,2025,downloaded,473991
SFB,2000,downloaded,416174
SFB,2001,downloaded,421165
SFB,2002,downloaded,422697
SFB,2003,downloaded,423661
SFB,2004,downloaded,423336
SFB,2005,downloaded,424407
SFB,2006,downloaded,423006
SFB,2007,downloaded,425456
SFB,2008,downloaded,426118
SFB,2009,downloaded,446551
SFB,2010,downloaded,426556
SFB,2011,downloaded,423296
SFB,2012,downloaded,449525
SFB,2013,downloaded,450683
SFB,2014,downloaded,449199
SFB,2015,downloaded,451869
SFB,2016,downloaded,451858
SFB,2017,downloaded,450277
SFB,2018,downloaded,450128
SFB,2019,downloaded,450842
SFB,2020,downloaded,452603
SFB,2021,downloaded,450514
SFB,2022,downloaded,449746
SFB,2023,downloaded,449928
SFB,2024,downloaded,452169
SFB,2025,downloaded,441678
SFO,2000,downloaded,439910
SFO,2001,downloaded,444157
SFO,2002,downloaded,443118
SFO,2003,downloaded,444048
SFO,2004,downloaded,445444
SFO,2005,downloaded,448069
SFO,2006,downloaded,448300
SFO,2007,downloaded,447413
SFO,2008,downloaded,448825
SFO,2009,downloaded,450224
SFO,2010,downloaded,450735
SFO,2011,downloaded,448940
SFO,2012,downloaded,473487
SFO,2013,downloaded,470018
SFO,2014,downloaded,473277
SFO,2015,downloaded,474687
SFO,2016,downloaded,476834
SFO,2017,downloaded,474041
SFO,2018,downloaded,474359
SFO,2019,downloaded,472551
SFO,2020,downloaded,474002
SFO,2021,downloaded,471761
SFO,2022,downloaded,471638
SFO,2023,downloaded,474373
SFO,2024,downloaded,475037
SFO,2025,downloaded,472761
SGF,2000,downloaded,414464
SGF,2001,downloaded,223096
SGF,2002,downloaded,252522
SGF,2003,downloaded,422747
SGF,2004,downloaded,421986
SGF,2005,downloaded,418997
SGF,2006,downloaded,420235
SGF,2007,downloaded,441511
SGF,2008,downloaded,437916
SGF,2009,downloaded,447376
SGF,2010,downloaded,428311
SGF,2011,downloaded,424386
SGF,2012,downloaded,445440
SGF,2013,downloaded,449400
SGF,2014,downloaded,449869
SGF,2015,downloaded,448716
SGF,2016,downloaded,450925
SGF,2017,downloaded,449507
SGF,2018,downloaded,449757
SGF,2019,downloaded,450436
SGF,2020,downloaded,450966
SGF,2021,downloaded,449634
SGF,2022,downloaded,446664
SGF,2023,downloaded,446511
SGF,2024,downloaded,448489
SGF,2025,downloaded,446214
SJC,2000,downloaded,440097
SJC,2001,downloaded,436315
SJC,2002,downloaded,439729
SJC,2003,downloaded,444737
SJC,2004,downloaded,445311
SJC,2005,downloaded,447522
SJC,2006,downloaded,447612
SJC,2007,downloaded,446399
SJC,2008,downloaded,440758
SJC,2009,downloaded,440048
SJC,2010,downloaded,441066
SJC,2011,downloaded,440158
SJC,2012,downloaded,454779
SJC,2013,downloaded,446982
SJC,2014,downloaded,465287
SJC,2015,downloaded,465693
SJC,2016,downloaded,467081
SJC,2017,downloaded,463541
SJC,2018,downloaded,463097
SJC,2019,downloaded,465132
SJC,2020,downloaded,465937
SJC,2021,downloaded,464044
SJC,2022,downloaded,462181
SJC,2023,downloaded,464512
SJC,2024,downloaded,461693
SJC,2025,downloaded,462296
SLC,2000,downloaded,448171
SLC,2001,downloaded,448897
SLC,2002,downloaded,446201
SLC,2003,downloaded,450239
SLC,2004,downloaded,449308
SLC,2005,downloaded,362014
SLC,2006,downloaded,451266
SLC,2007,downloaded,320195
SLC,2008,downloaded,438196
SLC,2009,downloaded,451002
SLC,2010,downloaded,447453
SLC,2011,downloaded,433780
SLC,2012,downloaded,474882
SLC,2013,failed:HTTPError,0
SLC,2014,downloaded,472906
SLC,2015,downloaded,473363
SLC,2016,downloaded,426225
SLC,2017,downloaded,475375
SLC,2018,downloaded,474267
SLC,2019,downloaded,476166
SLC,2020,downloaded,476085
SLC,2021,downloaded,475135
SLC,2022,downloaded,474814
SLC,2023,downloaded,475455
SLC,2024,downloaded,475263
SLC,2025,downloaded,475149
SMF,2000,downloaded,415387
SMF,2001,downloaded,413520
SMF,2002,downloaded,411259
SMF,2003,downloaded,421260
SMF,2004,downloaded,416482
SMF,2005,downloaded,419815
SMF,2006,downloaded,417744
SMF,2007,downloaded,413983
SMF,2008,downloaded,415152
SMF,2009,downloaded,415521
SMF,2010,downloaded,421241
SMF,2011,downloaded,417340
SMF,2012,downloaded,440075
SMF,2013,downloaded,442317
SMF,2014,downloaded,462281
SMF,2015,downloaded,464124
SMF,2016,downloaded,460958
SMF,2017,downloaded,459520
SMF,2018,downloaded,459339
SMF,2019,downloaded,462584
SMF,2020,downloaded,461114
SMF,2021,downloaded,458764
SMF,2022,downloaded,459561
SMF,2023,downloaded,461300
SMF,2024,downloaded,460035
SMF,2025,downloaded,459108
SNA,2000,downloaded,435609
SNA,2001,downloaded,434667
SNA,2002,downloaded,430398
SNA,2003,downloaded,430490
SNA,2004,downloaded,435801
SNA,2005,downloaded,440907
SNA,2006,downloaded,439235
SNA,2007,downloaded,438539
SNA,2008,downloaded,435753
SNA,2009,downloaded,435911
SNA,2010,downloaded,437105
SNA,2011,downloaded,435461
SNA,2012,downloaded,463419
SNA,2013,downloaded,462734
SNA,2014,downloaded,463981
SNA,2015,downloaded,463496
SNA,2016,downloaded,464762
SNA,2017,downloaded,464256
SNA,2018,downloaded,463817
SNA,2019,downloaded,463455
SNA,2020,downloaded,461736
SNA,2021,downloaded,460018
SNA,2022,downloaded,462099
SNA,2023,downloaded,464829
SNA,2024,downloaded,466238
SNA,2025,downloaded,455121
SRQ,2000,downloaded,418785
SRQ,2001,downloaded,405007
SRQ,2002,downloaded,417078
SRQ,2003,downloaded,419647
SRQ,2004,downloaded,421110
SRQ,2005,downloaded,426023
SRQ,2006,downloaded,423091
SRQ,2007,downloaded,423559
SRQ,2008,downloaded,425371
SRQ,2009,downloaded,446070
SRQ,2010,downloaded,429532
SRQ,2011,downloaded,422225
SRQ,2012,downloaded,448962
SRQ,2013,downloaded,450266
SRQ,2014,downloaded,448069
SRQ,2015,downloaded,449999
SRQ,2016,downloaded,447076
SRQ,2017,downloaded,449244
SRQ,2018,downloaded,448218
SRQ,2019,downloaded,447997
SRQ,2020,downloaded,450394
SRQ,2021,downloaded,448038
SRQ,2022,downloaded,447155
SRQ,2023,downloaded,446888
SRQ,2024,downloaded,447681
SRQ,2025,downloaded,442921
STL,2000,downloaded,442793
STL,2001,downloaded,441126
STL,2002,downloaded,445731
STL,2003,downloaded,344965
STL,2004,downloaded,450904
STL,2005,downloaded,450841
STL,2006,downloaded,452011
STL,2007,downloaded,449712
STL,2008,downloaded,452775
STL,2009,downloaded,454168
STL,2010,downloaded,451216
STL,2011,downloaded,451231
STL,2012,downloaded,473519
STL,2013,downloaded,473488
STL,2014,downloaded,475140
STL,2015,downloaded,473265
STL,2016,downloaded,475363
STL,2017,downloaded,475687
STL,2018,downloaded,473900
STL,2019,downloaded,474537
STL,2020,downloaded,473872
STL,2021,downloaded,473370
STL,2022,downloaded,473782
STL,2023,downloaded,476361
STL,2024,downloaded,475716
STL,2025,downloaded,474682
TEB,2000,downloaded,433899
TEB,2001,downloaded,431784
TEB,2002,downloaded,434060
TEB,2003,downloaded,432749
TEB,2004,downloaded,431520
TEB,2005,downloaded,428262
TEB,2006,downloaded,425349
TEB,2007,downloaded,425372
TEB,2008,downloaded,425945
TEB,2009,downloaded,430209
TEB,2010,downloaded,427496
TEB,2011,downloaded,425690
TEB,2012,downloaded,447050
TEB,2013,downloaded,450129
TEB,2014,downloaded,451494
TEB,2015,downloaded,449263
TEB,2016,downloaded,450493
TEB,2017,downloaded,446710
TEB,2018,downloaded,451956
TEB,2019,downloaded,451221
TEB,2020,downloaded,453165
TEB,2021,downloaded,451250
TEB,2022,downloaded,448848
TEB,2023,downloaded,449441
TEB,2024,downloaded,450901
TEB,2025,downloaded,451631
TPA,2000,downloaded,441728
TPA,2001,downloaded,449716
TPA,2002,downloaded,449856
TPA,2003,downloaded,448915
TPA,2004,downloaded,448717
TPA,2005,downloaded,447794
TPA,2006,downloaded,442776
TPA,2007,downloaded,446218
TPA,2008,downloaded,446305
TPA,2009,downloaded,471171
TPA,2010,downloaded,449922
TPA,2011,downloaded,442513
TPA,2012,downloaded,472597
TPA,2013,downloaded,472355
TPA,2014,downloaded,471959
TPA,2015,downloaded,471960
TPA,2016,downloaded,473323
TPA,2017,downloaded,468640
TPA,2018,downloaded,465130
TPA,2019,downloaded,472299
TPA,2020,downloaded,474440
TPA,2021,downloaded,471719
TPA,2022,downloaded,470206
TPA,2023,downloaded,474837
TPA,2024,downloaded,475170
TPA,2025,downloaded,472580
TUL,2000,downloaded,446945
TUL,2001,downloaded,444006
TUL,2002,downloaded,444058
TUL,2003,downloaded,445023
TUL,2004,downloaded,448162
TUL,2005,downloaded,444937
TUL,2006,downloaded,445168
TUL,2007,downloaded,432149
TUL,2008,downloaded,432182
TUL,2009,downloaded,432174
TUL,2010,downloaded,433500
TUL,2011,downloaded,429219
TUL,2012,downloaded,452721
TUL,2013,downloaded,464481
TUL,2014,downloaded,473831
TUL,2015,downloaded,473461
TUL,2016,downloaded,474535
TUL,2017,downloaded,472800
TUL,2018,downloaded,474259
TUL,2019,downloaded,472170
TUL,2020,downloaded,472230
TUL,2021,downloaded,471222
TUL,2022,downloaded,472153
TUL,2023,downloaded,475487
TUL,2024,downloaded,473490
TUL,2025,downloaded,475385
TUS,2000,downloaded,420758
TUS,2001,downloaded,423057
TUS,2002,downloaded,410000
TUS,2003,downloaded,408687
TUS,2004,downloaded,413280
TUS,2005,downloaded,410908
TUS,2006,downloaded,410421
TUS,2007,downloaded,383999
TUS,2008,downloaded,412140
TUS,2009,downloaded,409822
TUS,2010,downloaded,408529
TUS,2011,downloaded,408807
TUS,2012,downloaded,434839
TUS,2013,downloaded,436931
TUS,2014,downloaded,436121
TUS,2015,downloaded,439231
TUS,2016,downloaded,437898
TUS,2017,downloaded,424217
TUS,2018,downloaded,436227
TUS,2019,downloaded,438456
TUS,2020,downloaded,435413
TUS,2021,downloaded,437107
TUS,2022,downloaded,436737
TUS,2023,downloaded,436347
TUS,2024,downloaded,436052
TUS,2025,downloaded,435776
TYS,2000,downloaded,435377
TYS,2001,downloaded,433137
TYS,2002,downloaded,444294
TYS,2003,downloaded,445302
TYS,2004,downloaded,448253
TYS,2005,downloaded,443778
TYS,2006,downloaded,438030
TYS,2007,downloaded,432996
TYS,2008,downloaded,437094
TYS,2009,downloaded,439939
TYS,2010,downloaded,435889
TYS,2011,downloaded,437267
TYS,2012,downloaded,462026
TYS,2013,downloaded,463526
TYS,2014,downloaded,459773
TYS,2015,downloaded,455016
TYS,2016,downloaded,457837
TYS,2017,downloaded,469497
TYS,2018,downloaded,470981
TYS,2019,downloaded,469380
TYS,2020,downloaded,471373
TYS,2021,downloaded,469092
TYS,2022,downloaded,469705
TYS,2023,downloaded,470275
TYS,2024,downloaded,470962
TYS,2025,downloaded,472282
VNY,2000,downloaded,429361
VNY,2001,downloaded,424776
VNY,2002,downloaded,427572
VNY,2003,downloaded,434511
VNY,2004,downloaded,418921
VNY,2005,downloaded,431355
VNY,2006,downloaded,418172
VNY,2007,downloaded,426823
VNY,2008,downloaded,426159
VNY,2009,downloaded,427070
VNY,2010,downloaded,425379
VNY,2011,downloaded,426018
VNY,2012,downloaded,452716
VNY,2013,downloaded,433362
VNY,2014,downloaded,439990
VNY,2015,downloaded,438346
VNY,2016,downloaded,440613
VNY,2017,downloaded,438636
VNY,2018,downloaded,439730
VNY,2019,downloaded,443698
VNY,2020,downloaded,439472
VNY,2021,downloaded,437506
VNY,2022,downloaded,437759
VNY,2023,downloaded,422967
VNY,2024,downloaded,435537
VNY,2025,downloaded,437399
